timestamp,entity_id,volume,frequency
2026-09-04T15:12:22.141107,sensor/Current frequency,0.0,301.525
2026-09-04T15:12:22.488061,sensor/Current frequency,0.0,2188.816
2026-09-04T15:12:22.544543,sensor/Current frequency,0.0,247.6553
2026-09-04T15:12:22.589599,sensor/Current frequency,0.0,1352.901
2026-09-04T15:12:22.647510,sensor/Current frequency,0.0,1644.427
2026-09-04T15:12:22.695897,sensor/Current frequency,0.004941,1651.107
2026-09-04T15:12:22.752381,sensor/Current frequency,0.00799,1411.976
2026-09-04T15:12:22.812623,sensor/Current frequency,0.009223,2178.104
2026-09-04T15:12:22.856216,sensor/Current frequency,0.010748,1406.211
2026-09-04T15:12:22.916633,sensor/Current frequency,0.0,2114.4
2026-09-04T15:12:22.960836,sensor/Current frequency,0.0,1605.136
2026-09-04T15:12:23.021969,sensor/Current frequency,0.004279,1908.696
2026-09-04T15:12:23.088536,sensor/Current frequency,0.0,400.2189
2026-09-04T15:12:23.121808,sensor/Current frequency,0.0,1898.482
2026-09-04T15:12:23.171389,sensor/Current frequency,0.0,97.00158
2026-09-04T15:12:23.226028,sensor/Current frequency,0.0,101.6263
2026-09-04T15:12:23.280392,sensor/Current frequency,0.014267,91.8314
2026-09-04T15:12:23.332903,sensor/Current frequency,0.02766,92.12945
2026-09-04T15:12:23.387095,sensor/Current frequency,0.028447,171.2592
2026-09-04T15:12:23.437043,sensor/Current frequency,0.028366,639.6693
2026-09-04T15:12:23.497244,sensor/Current frequency,0.028248,746.838
2026-09-04T15:12:23.544851,sensor/Current frequency,0.02749,1182.556
2026-09-04T15:12:23.597869,sensor/Current frequency,0.027358,1211.022
2026-09-04T15:12:23.655506,sensor/Current frequency,0.026668,1072.592
2026-09-04T15:12:23.710713,sensor/Current frequency,0.02626,1604.254
2026-09-04T15:12:23.758274,sensor/Current frequency,0.0,390.4537
2026-09-04T15:12:23.813022,sensor/Current frequency,0.0,1584.868
2026-09-04T15:12:23.872827,sensor/Current frequency,0.0,803.8975
2026-09-04T15:12:23.925809,sensor/Current frequency,0.0,94.06472
2026-09-04T15:12:23.978981,sensor/Current frequency,0.0,656.2341
2026-09-04T15:12:24.038931,sensor/Current frequency,0.0,1792.474
2026-09-04T15:12:24.080478,sensor/Current frequency,0.0,171.891
2026-09-04T15:12:24.143359,sensor/Current frequency,0.0,497.7379
2026-09-04T15:12:24.182672,sensor/Current frequency,0.0,226.4067
2026-09-04T15:12:24.245595,sensor/Current frequency,0.0,672.9879
2026-09-04T15:12:24.289928,sensor/Current frequency,0.0,125.2046
2026-09-04T15:12:24.348434,sensor/Current frequency,0.0,2399.983
2026-09-04T15:12:24.398963,sensor/Current frequency,0.0,152.9552
2026-09-04T15:12:24.452665,sensor/Current frequency,0.0,1512.598
2026-09-04T15:12:24.501906,sensor/Current frequency,0.0,197.3778
2026-09-04T15:12:24.555969,sensor/Current frequency,0.0,1625.945
2026-09-04T15:12:24.607532,sensor/Current frequency,0.0,1683.732
2026-09-04T15:12:24.660684,sensor/Current frequency,0.0,219.4988
2026-09-04T15:12:24.714086,sensor/Current frequency,0.0,1475.065
2026-09-04T15:12:24.767907,sensor/Current frequency,0.032922,2003.781
2026-09-04T15:12:24.829311,sensor/Current frequency,0.043406,2003.407
2026-09-04T15:12:24.876017,sensor/Current frequency,0.047021,2003.428
2026-09-04T15:12:24.931510,sensor/Current frequency,0.053193,2003.019
2026-09-04T15:12:24.983675,sensor/Current frequency,0.056277,2008.014
2026-09-04T15:12:25.040826,sensor/Current frequency,0.0549,2024.334
2026-09-04T15:12:25.085268,sensor/Current frequency,0.053794,2033.559
2026-09-04T15:12:25.141516,sensor/Current frequency,0.051507,1998.36
2026-09-04T15:12:25.203974,sensor/Current frequency,0.0,217.1848
2026-09-04T15:12:25.253996,sensor/Current frequency,0.0,1987.166
2026-09-04T15:12:25.312572,sensor/Current frequency,0.0,225.282
2026-09-04T15:12:25.353277,sensor/Current frequency,0.0,318.0318
2026-09-04T15:12:25.410338,sensor/Current frequency,0.0,230.9331
2026-09-04T15:12:25.460077,sensor/Current frequency,0.0,405.963
2026-09-04T15:12:25.513776,sensor/Current frequency,0.0,559.0884
2026-09-04T15:12:25.575551,sensor/Current frequency,0.0,175.1668
2026-09-04T15:12:25.620027,sensor/Current frequency,0.0,160.2667
2026-09-04T15:12:25.680809,sensor/Current frequency,0.0,749.7225
2026-09-04T15:12:25.724714,sensor/Current frequency,0.024332,2001.928
2026-09-04T15:12:25.782711,sensor/Current frequency,0.033021,2003.629
2026-09-04T15:12:25.831161,sensor/Current frequency,0.045441,2003.239
2026-09-04T15:12:25.884965,sensor/Current frequency,0.050352,2003.409
2026-09-04T15:12:25.937984,sensor/Current frequency,0.058292,2003.342
2026-09-04T15:12:25.991126,sensor/Current frequency,0.060482,2011.561
2026-09-04T15:12:26.044588,sensor/Current frequency,0.059337,2004.36
2026-09-04T15:12:26.098266,sensor/Current frequency,0.056923,1995.239
2026-09-04T15:12:26.156907,sensor/Current frequency,0.055728,2007.293
2026-09-04T15:12:26.204398,sensor/Current frequency,0.05347,2006.986
2026-09-04T15:12:26.259468,sensor/Current frequency,0.051175,340.0493
2026-09-04T15:12:26.318031,sensor/Current frequency,0.050062,418.7659
2026-09-04T15:12:26.364062,sensor/Current frequency,0.048025,423.4738
2026-09-04T15:12:26.421844,sensor/Current frequency,0.047102,474.8349
2026-09-04T15:12:26.476037,sensor/Current frequency,0.045146,406.6196
2026-09-04T15:12:26.531337,sensor/Current frequency,0.043408,134.4056
2026-09-04T15:12:26.586873,sensor/Current frequency,0.042561,878.7452
2026-09-04T15:12:26.638221,sensor/Current frequency,0.04098,283.6571
2026-09-04T15:12:26.699526,sensor/Current frequency,0.040285,324.5006
2026-09-04T15:12:26.743405,sensor/Current frequency,0.050237,2002.613
2026-09-04T15:12:26.793673,sensor/Current frequency,0.053635,2003.335
2026-09-04T15:12:26.843624,sensor/Current frequency,0.059692,2003.431
2026-09-04T15:12:26.907699,sensor/Current frequency,0.064418,2003.316
2026-09-04T15:12:26.950119,sensor/Current frequency,0.066837,2003.498
2026-09-04T15:12:27.010525,sensor/Current frequency,0.067632,1990.718
2026-09-04T15:12:27.056900,sensor/Current frequency,0.066196,1975.767
2026-09-04T15:12:27.121321,sensor/Current frequency,0.063449,1998.724
2026-09-04T15:12:27.165963,sensor/Current frequency,0.06077,2003.963
2026-09-04T15:12:27.220005,sensor/Current frequency,0.059411,473.8508
2026-09-04T15:12:27.270038,sensor/Current frequency,0.056808,2001.492
2026-09-04T15:12:27.323140,sensor/Current frequency,0.0,1397.845
2026-09-04T15:12:27.377465,sensor/Current frequency,0.0,379.7976
2026-09-04T15:12:27.434027,sensor/Current frequency,0.0,1045.885
2026-09-04T15:12:27.490336,sensor/Current frequency,0.0,197.0052
2026-09-04T15:12:27.539742,sensor/Current frequency,0.006299,1514.974
2026-09-04T15:12:27.595404,sensor/Current frequency,0.009445,497.2842
2026-09-04T15:12:27.650545,sensor/Current frequency,0.010301,161.1326
2026-09-04T15:12:27.703149,sensor/Current frequency,0.016922,2017.294
2026-09-04T15:12:27.760993,sensor/Current frequency,0.030062,2002.631
2026-09-04T15:12:27.818896,sensor/Current frequency,0.044486,2003.073
2026-09-04T15:12:27.868419,sensor/Current frequency,0.053391,2003.467
2026-09-04T15:12:27.912229,sensor/Current frequency,0.056563,2003.358
2026-09-04T15:12:27.970082,sensor/Current frequency,0.061122,2024.37
2026-09-04T15:12:28.029718,sensor/Current frequency,0.060388,2005.559
2026-09-04T15:12:28.072728,sensor/Current frequency,0.058084,2011.391
2026-09-04T15:12:28.139214,sensor/Current frequency,0.056855,2005.146
2026-09-04T15:12:28.184558,sensor/Current frequency,0.05445,2005.316
2026-09-04T15:12:28.238594,sensor/Current frequency,0.052158,2010.29
2026-09-04T15:12:28.287552,sensor/Current frequency,0.050987,526.5512
2026-09-04T15:12:28.342833,sensor/Current frequency,0.0,511.6205
2026-09-04T15:12:28.391340,sensor/Current frequency,0.0,274.0687
2026-09-04T15:12:28.443981,sensor/Current frequency,0.0,189.7648
2026-09-04T15:12:28.498771,sensor/Current frequency,0.0,290.8941
2026-09-04T15:12:28.551656,sensor/Current frequency,0.004941,478.8048
2026-09-04T15:12:28.604946,sensor/Current frequency,0.009354,659.2797
2026-09-04T15:12:28.658969,sensor/Current frequency,0.011257,1085.534
2026-09-04T15:12:28.716803,sensor/Current frequency,0.012033,193.9826
2026-09-04T15:12:28.764895,sensor/Current frequency,0.01278,1295.703
2026-09-04T15:12:28.821936,sensor/Current frequency,0.013055,283.7318
2026-09-04T15:12:28.881565,sensor/Current frequency,0.0,500.304
2026-09-04T15:12:28.927018,sensor/Current frequency,0.0,206.9613
2026-09-04T15:12:28.987269,sensor/Current frequency,0.0,90.26624
2026-09-04T15:12:29.038474,sensor/Current frequency,0.0,232.036
2026-09-04T15:12:29.091428,sensor/Current frequency,0.0,216.6682
2026-09-04T15:12:29.138498,sensor/Current frequency,0.0,1420.398
2026-09-04T15:12:29.201207,sensor/Current frequency,0.0,232.1386
2026-09-04T15:12:29.251228,sensor/Current frequency,0.0,248.4506
2026-09-04T15:12:29.303154,sensor/Current frequency,0.0,329.6801
2026-09-04T15:12:29.361473,sensor/Current frequency,0.0,88.78736
2026-09-04T15:12:29.407460,sensor/Current frequency,0.0,1788.148
2026-09-04T15:12:29.461581,sensor/Current frequency,0.0,463.4458
2026-09-04T15:12:29.507131,sensor/Current frequency,0.0,2027.635
2026-09-04T15:12:29.569543,sensor/Current frequency,0.0,143.2882
2026-09-04T15:12:29.615409,sensor/Current frequency,0.0,676.0718
2026-09-04T15:12:29.673338,sensor/Current frequency,0.0,248.2995
2026-09-04T15:12:29.720376,sensor/Current frequency,0.0,348.5435
2026-09-04T15:12:29.775822,sensor/Current frequency,0.0,193.3449
2026-09-04T15:12:29.827419,sensor/Current frequency,0.0,1431.221
2026-09-04T15:12:29.881008,sensor/Current frequency,0.0,148.1183
2026-09-04T15:12:29.933597,sensor/Current frequency,0.0,166.0247
2026-09-04T15:12:29.988345,sensor/Current frequency,0.0,371.2953
2026-09-04T15:12:30.048598,sensor/Current frequency,0.0,219.9743
2026-09-04T15:12:30.093858,sensor/Current frequency,0.0,212.1977
2026-09-04T15:12:30.153310,sensor/Current frequency,0.0,254.0679
2026-09-04T15:12:30.204702,sensor/Current frequency,0.0,1434.21
2026-09-04T15:12:30.259952,sensor/Current frequency,0.0,406.9865
2026-09-04T15:12:30.307117,sensor/Current frequency,0.0,993.6625
2026-09-04T15:12:30.360245,sensor/Current frequency,0.0,85.57003
2026-09-04T15:12:30.421103,sensor/Current frequency,0.0,1119.27
2026-09-04T15:12:30.468392,sensor/Current frequency,0.0,101.1393
2026-09-04T15:12:30.528636,sensor/Current frequency,0.0,746.5204
2026-09-04T15:12:30.587775,sensor/Current frequency,0.0,176.7858
2026-09-04T15:12:30.629158,sensor/Current frequency,0.0,244.2766
2026-09-04T15:12:30.689672,sensor/Current frequency,0.0,114.147
2026-09-04T15:12:30.736800,sensor/Current frequency,0.0,218.8626
2026-09-04T15:12:30.796781,sensor/Current frequency,0.0,565.5653
2026-09-04T15:12:30.842994,sensor/Current frequency,0.0,436.3093
2026-09-04T15:12:30.900468,sensor/Current frequency,0.0,178.7507
2026-09-04T15:12:30.951654,sensor/Current frequency,0.0,115.1766
2026-09-04T15:12:31.003110,sensor/Current frequency,0.0,203.9811
2026-09-04T15:12:31.053764,sensor/Current frequency,0.0,95.77676
2026-09-04T15:12:31.111543,sensor/Current frequency,0.0,1506.149
2026-09-04T15:12:31.158919,sensor/Current frequency,0.0,1510.611
2026-09-04T15:12:31.215652,sensor/Current frequency,0.0,190.3275
2026-09-04T15:12:31.275373,sensor/Current frequency,0.0,306.8963
2026-09-04T15:12:31.318969,sensor/Current frequency,0.005241,751.496
2026-09-04T15:12:31.376353,sensor/Current frequency,0.008151,241.1705
2026-09-04T15:12:31.432531,sensor/Current frequency,0.0,439.3441
2026-09-04T15:12:31.483996,sensor/Current frequency,0.0,179.3457
2026-09-04T15:12:31.535339,sensor/Current frequency,0.0,219.9692
2026-09-04T15:12:31.584452,sensor/Current frequency,0.0,265.0448
2026-09-04T15:12:31.636996,sensor/Current frequency,0.0,271.9183
2026-09-04T15:12:31.777911,sensor/Current frequency,0.0,1357.622
2026-09-04T15:12:31.778591,sensor/Current frequency,0.0,256.2121
2026-09-04T15:12:31.817229,sensor/Current frequency,0.0,202.8895
2026-09-04T15:12:31.865067,sensor/Current frequency,0.0,1463.812
2026-09-04T15:12:31.923210,sensor/Current frequency,0.007308,644.1183
2026-09-04T15:12:31.972436,sensor/Current frequency,0.008491,609.8677
2026-09-04T15:12:32.026817,sensor/Current frequency,0.011024,1536.009
2026-09-04T15:12:32.076929,sensor/Current frequency,0.011955,1527.267
2026-09-04T15:12:32.129457,sensor/Current frequency,0.012827,185.6725
2026-09-04T15:12:32.184014,sensor/Current frequency,0.0,1740.254
2026-09-04T15:12:32.236405,sensor/Current frequency,0.0,468.7296
2026-09-04T15:12:32.294770,sensor/Current frequency,0.0,1404.629
2026-09-04T15:12:32.343868,sensor/Current frequency,0.0,197.8938
2026-09-04T15:12:32.401196,sensor/Current frequency,0.0,1492.855
2026-09-04T15:12:32.450542,sensor/Current frequency,0.0,1053.542
2026-09-04T15:12:32.508051,sensor/Current frequency,0.0,410.0332
2026-09-04T15:12:32.606962,sensor/Current frequency,0.0,76.55383
2026-09-04T15:12:32.607240,sensor/Current frequency,0.0,379.6602
2026-09-04T15:12:32.671274,sensor/Current frequency,0.0,434.943
2026-09-04T15:12:32.712639,sensor/Current frequency,0.0,220.207
2026-09-04T15:12:32.775776,sensor/Current frequency,0.0,382.5396
2026-09-04T15:12:32.824342,sensor/Current frequency,0.0,446.6931
2026-09-04T15:12:32.880261,sensor/Current frequency,0.0,224.0692
2026-09-04T15:12:32.928955,sensor/Current frequency,0.0,631.4294
2026-09-04T15:12:32.982850,sensor/Current frequency,0.0,1281.937
2026-09-04T15:12:33.031622,sensor/Current frequency,0.0,322.0015
2026-09-04T15:12:33.119260,sensor/Current frequency,0.0,111.3729
2026-09-04T15:12:33.164414,sensor/Current frequency,0.0,156.0573
2026-09-04T15:12:33.197725,sensor/Current frequency,0.0,74.49107
2026-09-04T15:12:33.303823,sensor/Current frequency,0.0,221.236
2026-09-04T15:12:33.304022,sensor/Current frequency,0.0,73.16229
2026-09-04T15:12:33.356316,sensor/Current frequency,0.0,95.42665
2026-09-04T15:12:33.401031,sensor/Current frequency,0.0,1495.393
2026-09-04T15:12:33.459149,sensor/Current frequency,0.0,263.9811
2026-09-04T15:12:33.504981,sensor/Current frequency,0.0,532.7965
2026-09-04T15:12:33.560308,sensor/Current frequency,0.0,285.9609
2026-09-04T15:12:33.613645,sensor/Current frequency,0.0,741.1732
2026-09-04T15:12:33.663070,sensor/Current frequency,0.0,796.8383
2026-09-04T15:12:33.717052,sensor/Current frequency,0.0,529.1241
2026-09-04T15:12:33.772661,sensor/Current frequency,0.0,134.5034
2026-09-04T15:12:33.822025,sensor/Current frequency,0.0,76.89463
2026-09-04T15:12:33.876066,sensor/Current frequency,0.0,85.46911
2026-09-04T15:12:33.936553,sensor/Current frequency,0.0,72.41476
2026-09-04T15:12:33.980598,sensor/Current frequency,0.0,678.8693
2026-09-04T15:12:34.040768,sensor/Current frequency,0.0,229.4192
2026-09-04T15:12:34.090298,sensor/Current frequency,0.0,1316.954
2026-09-04T15:12:34.143672,sensor/Current frequency,0.0,70.29077
2026-09-04T15:12:34.194616,sensor/Current frequency,0.0,77.66257
2026-09-04T15:12:34.249802,sensor/Current frequency,0.0,82.28801
2026-09-04T15:12:34.309523,sensor/Current frequency,0.0,832.3013
2026-09-04T15:12:34.375533,sensor/Current frequency,0.0,545.4041
2026-09-04T15:12:34.421282,sensor/Current frequency,0.0,1494.463
2026-09-04T15:12:34.476606,sensor/Current frequency,0.0,61.33646
2026-09-04T15:12:34.524487,sensor/Current frequency,0.0,363.6124
2026-09-04T15:12:34.568000,sensor/Current frequency,0.0,240.7895
2026-09-04T15:12:34.626374,sensor/Current frequency,0.0,216.3202
2026-09-04T15:12:34.681269,sensor/Current frequency,0.0,323.6934
2026-09-04T15:12:34.725857,sensor/Current frequency,0.0,213.7763
2026-09-04T15:12:34.790349,sensor/Current frequency,0.0,249.0256
2026-09-04T15:12:34.834312,sensor/Current frequency,0.0,347.0512
2026-09-04T15:12:34.891534,sensor/Current frequency,0.0,70.73527
2026-09-04T15:12:34.943227,sensor/Current frequency,0.0,554.3127
2026-09-04T15:12:34.994403,sensor/Current frequency,0.0,94.82052
2026-09-04T15:12:35.045997,sensor/Current frequency,0.0,245.8513
2026-09-04T15:12:35.100431,sensor/Current frequency,0.0,560.8138
2026-09-04T15:12:35.153777,sensor/Current frequency,0.0,167.8684
2026-09-04T15:12:35.207595,sensor/Current frequency,0.0,185.0848
2026-09-04T15:12:35.265578,sensor/Current frequency,0.0,219.6339
2026-09-04T15:12:35.315834,sensor/Current frequency,0.0,325.3152
2026-09-04T15:12:35.373248,sensor/Current frequency,0.0,474.3519
2026-09-04T15:12:35.433183,sensor/Current frequency,0.0,1424.994
2026-09-04T15:12:35.483940,sensor/Current frequency,0.0,305.3846
2026-09-04T15:12:35.541981,sensor/Current frequency,0.0,76.73466
2026-09-04T15:12:35.588276,sensor/Current frequency,0.005794,1612.406
2026-09-04T15:12:35.643972,sensor/Current frequency,0.008835,1576.521
2026-09-04T15:12:35.704937,sensor/Current frequency,0.011526,450.5834
2026-09-04T15:12:35.745035,sensor/Current frequency,0.012397,535.9039
2026-09-04T15:12:35.806162,sensor/Current frequency,0.013981,255.4196
2026-09-04T15:12:35.852025,sensor/Current frequency,0.0,316.0604
2026-09-04T15:12:35.912260,sensor/Current frequency,0.0,284.5908
2026-09-04T15:12:35.965744,sensor/Current frequency,0.0,166.501
2026-09-04T15:12:36.014919,sensor/Current frequency,0.0,1440.242
2026-09-04T15:12:36.069600,sensor/Current frequency,0.0,212.7339
2026-09-04T15:12:36.117731,sensor/Current frequency,0.0,1465.25
2026-09-04T15:12:36.172148,sensor/Current frequency,0.008277,1214.061
2026-09-04T15:12:36.225600,sensor/Current frequency,0.011146,1683.796
2026-09-04T15:12:36.286857,sensor/Current frequency,0.011806,1282.657
2026-09-04T15:12:36.328850,sensor/Current frequency,0.0,1599.607
2026-09-04T15:12:36.396300,sensor/Current frequency,0.0,176.5398
2026-09-04T15:12:36.438550,sensor/Current frequency,0.0,70.50299
2026-09-04T15:12:36.493417,sensor/Current frequency,0.0,68.2144
2026-09-04T15:12:36.541000,sensor/Current frequency,0.0,228.7629
2026-09-04T15:12:36.600829,sensor/Current frequency,0.0,1318.368
2026-09-04T15:12:36.653124,sensor/Current frequency,0.0,186.7671
2026-09-04T15:12:36.704942,sensor/Current frequency,0.0,1383.74
2026-09-04T15:12:36.763861,sensor/Current frequency,0.0,75.5691
2026-09-04T15:12:36.810296,sensor/Current frequency,0.0,84.31059
2026-09-04T15:12:36.868687,sensor/Current frequency,0.0,62.02631
2026-09-04T15:12:36.915236,sensor/Current frequency,0.0,157.928
2026-09-04T15:12:36.976480,sensor/Current frequency,0.0,239.3674
2026-09-04T15:12:37.021510,sensor/Current frequency,0.0,73.13522
2026-09-04T15:12:37.078270,sensor/Current frequency,0.0,197.9197
2026-09-04T15:12:37.138766,sensor/Current frequency,0.0,205.2207
2026-09-04T15:12:37.184545,sensor/Current frequency,0.0,208.5841
2026-09-04T15:12:37.243562,sensor/Current frequency,0.0,71.94049
2026-09-04T15:12:37.292376,sensor/Current frequency,0.0,522.4095
2026-09-04T15:12:37.347888,sensor/Current frequency,0.0,202.671
2026-09-04T15:12:37.394349,sensor/Current frequency,0.0,96.53693
2026-09-04T15:12:37.448771,sensor/Current frequency,0.0,187.2307
2026-09-04T15:12:37.498939,sensor/Current frequency,0.0,161.8951
2026-09-04T15:12:37.554869,sensor/Current frequency,0.0,225.742
2026-09-04T15:12:37.607795,sensor/Current frequency,0.0,228.2108
2026-09-04T15:12:37.658748,sensor/Current frequency,0.0,777.0331
2026-09-04T15:12:37.721110,sensor/Current frequency,0.0,70.08391
2026-09-04T15:12:37.789302,sensor/Current frequency,0.0,196.5124
2026-09-04T15:12:37.823195,sensor/Current frequency,0.0,182.9745
2026-09-04T15:12:37.875069,sensor/Current frequency,0.0,90.09877
2026-09-04T15:12:37.930934,sensor/Current frequency,0.0,254.9049
2026-09-04T15:12:37.982054,sensor/Current frequency,0.0,1405.304
2026-09-04T15:12:38.034090,sensor/Current frequency,0.0,68.86534
2026-09-04T15:12:38.100954,sensor/Current frequency,0.0,189.2835
2026-09-04T15:12:38.140484,sensor/Current frequency,0.0,82.50025
2026-09-04T15:12:38.203650,sensor/Current frequency,0.0,186.5851
2026-09-04T15:12:38.252340,sensor/Current frequency,0.0,189.1883
2026-09-04T15:12:38.312129,sensor/Current frequency,0.0,237.7215
2026-09-04T15:12:38.352820,sensor/Current frequency,0.0,687.3984
2026-09-04T15:12:38.408393,sensor/Current frequency,0.0,186.7385
2026-09-04T15:12:38.466853,sensor/Current frequency,0.0,509.6428
2026-09-04T15:12:38.513775,sensor/Current frequency,0.0,1143.344
2026-09-04T15:12:38.573435,sensor/Current frequency,0.0,231.4791
2026-09-04T15:12:38.619862,sensor/Current frequency,0.0,272.6924
2026-09-04T15:12:38.676470,sensor/Current frequency,0.0,180.864
2026-09-04T15:12:38.725663,sensor/Current frequency,0.0,356.7943
2026-09-04T15:12:38.782011,sensor/Current frequency,0.0,398.1413
2026-09-04T15:12:38.838156,sensor/Current frequency,0.0,189.2752
2026-09-04T15:12:38.884014,sensor/Current frequency,0.0,637.5211
2026-09-04T15:12:38.951116,sensor/Current frequency,0.0,1510.498
2026-09-04T15:12:38.991688,sensor/Current frequency,0.0,523.5024
2026-09-04T15:12:39.057530,sensor/Current frequency,0.0,98.83516
2026-09-04T15:12:39.096118,sensor/Current frequency,0.0,221.992
2026-09-04T15:12:39.152714,sensor/Current frequency,0.0,78.1684
2026-09-04T15:12:39.222215,sensor/Current frequency,0.0,506.0794
2026-09-04T15:12:39.266457,sensor/Current frequency,0.0,302.1077
2026-09-04T15:12:39.328834,sensor/Current frequency,0.0,216.0762
2026-09-04T15:12:39.385138,sensor/Current frequency,0.0,113.1704
2026-09-04T15:12:39.431404,sensor/Current frequency,0.0,291.0345
2026-09-04T15:12:39.479632,sensor/Current frequency,0.0,318.0086
2026-09-04T15:12:39.534265,sensor/Current frequency,0.0,198.2892
2026-09-04T15:12:39.615988,sensor/Current frequency,0.0,1500.738
2026-09-04T15:12:39.643236,sensor/Current frequency,0.0,304.1055
2026-09-04T15:12:39.696671,sensor/Current frequency,0.0,517.1443
2026-09-04T15:12:39.740490,sensor/Current frequency,0.0,1000.276
2026-09-04T15:12:39.801527,sensor/Current frequency,0.0,181.5047
2026-09-04T15:12:39.848741,sensor/Current frequency,0.004622,1560.02
2026-09-04T15:12:39.905085,sensor/Current frequency,0.009047,1296.675
2026-09-04T15:12:39.957278,sensor/Current frequency,0.011159,1335.963
2026-09-04T15:12:40.009212,sensor/Current frequency,0.012323,205.0069
2026-09-04T15:12:40.062045,sensor/Current frequency,0.013138,1257.076
2026-09-04T15:12:40.114662,sensor/Current frequency,0.0,284.6664
2026-09-04T15:12:40.166025,sensor/Current frequency,0.0,414.6571
2026-09-04T15:12:40.218654,sensor/Current frequency,0.0,176.0784
2026-09-04T15:12:40.286006,sensor/Current frequency,0.0,98.22121
2026-09-04T15:12:40.325926,sensor/Current frequency,0.0,73.62315
2026-09-04T15:12:40.381905,sensor/Current frequency,0.0,308.9491
2026-09-04T15:12:40.465345,sensor/Current frequency,0.0,339.2672
2026-09-04T15:12:40.492786,sensor/Current frequency,0.0,433.9918
2026-09-04T15:12:40.536595,sensor/Current frequency,0.0,70.97139
2026-09-04T15:12:40.593729,sensor/Current frequency,0.0,161.1261
2026-09-04T15:12:40.655918,sensor/Current frequency,0.0,331.4161
2026-09-04T15:12:40.699730,sensor/Current frequency,0.0,328.004
2026-09-04T15:12:40.762770,sensor/Current frequency,0.0,315.6888
2026-09-04T15:12:40.806296,sensor/Current frequency,0.0,520.2114
2026-09-04T15:12:40.865652,sensor/Current frequency,0.0,240.7099
2026-09-04T15:12:40.913009,sensor/Current frequency,0.0,468.3475
2026-09-04T15:12:40.967490,sensor/Current frequency,0.0,921.6487
2026-09-04T15:12:41.027302,sensor/Current frequency,0.0,266.8906
2026-09-04T15:12:41.075041,sensor/Current frequency,0.0,391.6887
2026-09-04T15:12:41.133343,sensor/Current frequency,0.0,3106.595
2026-09-04T15:12:41.175905,sensor/Current frequency,0.0,501.2322
2026-09-04T15:12:41.236650,sensor/Current frequency,0.0,486.4904
2026-09-04T15:12:41.283615,sensor/Current frequency,0.0,800.5535
2026-09-04T15:12:41.340018,sensor/Current frequency,0.0,460.6129
2026-09-04T15:12:41.389482,sensor/Current frequency,0.0,997.983
2026-09-04T15:12:41.443140,sensor/Current frequency,0.0,249.7792
2026-09-04T15:12:41.492813,sensor/Current frequency,0.0,302.4286
2026-09-04T15:12:41.548021,sensor/Current frequency,0.0,331.0243
2026-09-04T15:12:41.612070,sensor/Current frequency,0.0,211.7222
2026-09-04T15:12:41.651966,sensor/Current frequency,0.0,646.4164
2026-09-04T15:12:41.710221,sensor/Current frequency,0.0,226.2526
2026-09-04T15:12:41.763607,sensor/Current frequency,0.0,566.6341
2026-09-04T15:12:41.820523,sensor/Current frequency,0.0,242.6095
2026-09-04T15:12:41.866717,sensor/Current frequency,0.0,500.1574
2026-09-04T15:12:41.922097,sensor/Current frequency,0.0,345.4554
2026-09-04T15:12:41.972340,sensor/Current frequency,0.0,693.773
2026-09-04T15:12:42.024391,sensor/Current frequency,0.0,116.2843
2026-09-04T15:12:42.088049,sensor/Current frequency,0.0,336.1219
2026-09-04T15:12:42.135006,sensor/Current frequency,0.0,612.3033
2026-09-04T15:12:42.196110,sensor/Current frequency,0.0,74.97566
2026-09-04T15:12:42.243102,sensor/Current frequency,0.0,328.1512
2026-09-04T15:12:42.301287,sensor/Current frequency,0.0,565.2912
2026-09-04T15:12:42.356669,sensor/Current frequency,0.0,141.6063
2026-09-04T15:12:42.401811,sensor/Current frequency,0.0,101.811
2026-09-04T15:12:42.459258,sensor/Current frequency,0.0,200.8804
2026-09-04T15:12:42.504907,sensor/Current frequency,0.008558,1560.58
2026-09-04T15:12:42.562758,sensor/Current frequency,0.011158,1509.677
2026-09-04T15:12:42.609007,sensor/Current frequency,0.012762,1043.053
2026-09-04T15:12:42.669492,sensor/Current frequency,0.013624,291.0808
2026-09-04T15:12:42.714917,sensor/Current frequency,0.013951,136.716
2026-09-04T15:12:42.769183,sensor/Current frequency,0.0,151.4616
2026-09-04T15:12:42.821335,sensor/Current frequency,0.0,693.2209
2026-09-04T15:12:42.874218,sensor/Current frequency,0.0,392.2591
2026-09-04T15:12:42.926559,sensor/Current frequency,0.0,415.4869
2026-09-04T15:12:42.979293,sensor/Current frequency,0.0,698.2164
2026-09-04T15:12:43.042370,sensor/Current frequency,0.0,907.1194
2026-09-04T15:12:43.083967,sensor/Current frequency,0.0,124.6665
2026-09-04T15:12:43.144652,sensor/Current frequency,0.0,54.90632
2026-09-04T15:12:43.192411,sensor/Current frequency,0.0,1379.483
2026-09-04T15:12:43.247496,sensor/Current frequency,0.0,59.97623
2026-09-04T15:12:43.299863,sensor/Current frequency,0.0,505.6932
2026-09-04T15:12:43.354603,sensor/Current frequency,0.0,62.78943
2026-09-04T15:12:43.404792,sensor/Current frequency,0.0,59.63642
2026-09-04T15:12:43.458291,sensor/Current frequency,0.0,134.4476
2026-09-04T15:12:43.517882,sensor/Current frequency,0.0,378.057
2026-09-04T15:12:43.563680,sensor/Current frequency,0.0,192.2173
2026-09-04T15:12:43.625662,sensor/Current frequency,0.0,374.9763
2026-09-04T15:12:43.669719,sensor/Current frequency,0.0,399.6035
2026-09-04T15:12:43.726877,sensor/Current frequency,0.0,572.1937
2026-09-04T15:12:43.794410,sensor/Current frequency,0.0,510.3382
2026-09-04T15:12:43.835819,sensor/Current frequency,0.0079,133.9678
2026-09-04T15:12:43.891897,sensor/Current frequency,0.008809,457.1899
2026-09-04T15:12:43.938653,sensor/Current frequency,0.010283,273.6701
2026-09-04T15:12:44.006120,sensor/Current frequency,0.0,283.1722
2026-09-04T15:12:44.041342,sensor/Current frequency,0.0,495.369
2026-09-04T15:12:44.104039,sensor/Current frequency,0.0,123.1136
2026-09-04T15:12:44.148690,sensor/Current frequency,0.0,180.8991
2026-09-04T15:12:44.210611,sensor/Current frequency,0.0,380.4089
2026-09-04T15:12:44.255356,sensor/Current frequency,0.0,223.1849
2026-09-04T15:12:44.307653,sensor/Current frequency,0.007813,157.3948
2026-09-04T15:12:44.364987,sensor/Current frequency,0.01316,99.65234
2026-09-04T15:12:44.417251,sensor/Current frequency,0.014075,95.00743
2026-09-04T15:12:44.474537,sensor/Current frequency,0.014945,174.114
2026-09-04T15:12:44.521379,sensor/Current frequency,0.01548,225.0412
2026-09-04T15:12:44.582400,sensor/Current frequency,0.0,227.2922
2026-09-04T15:12:44.627417,sensor/Current frequency,0.0,119.6004
2026-09-04T15:12:44.685493,sensor/Current frequency,0.0,140.418
2026-09-04T15:12:44.750538,sensor/Current frequency,0.0,224.0586
2026-09-04T15:12:44.794334,sensor/Current frequency,0.0,148.8214
2026-09-04T15:12:44.865384,sensor/Current frequency,0.0,184.6118
2026-09-04T15:12:44.895245,sensor/Current frequency,0.0,152.5938
2026-09-04T15:12:44.955621,sensor/Current frequency,0.0,231.2747
2026-09-04T15:12:45.003307,sensor/Current frequency,0.0,171.8923
2026-09-04T15:12:45.065859,sensor/Current frequency,0.0,644.1718
2026-09-04T15:12:45.132576,sensor/Current frequency,0.0,1147.812
2026-09-04T15:12:45.166096,sensor/Current frequency,0.0,228.737
2026-09-04T15:12:45.233459,sensor/Current frequency,0.0,249.0367
2026-09-04T15:12:45.270423,sensor/Current frequency,0.0,317.822
2026-09-04T15:12:45.331047,sensor/Current frequency,0.0,439.118
2026-09-04T15:12:45.373834,sensor/Current frequency,0.0,212.8
2026-09-04T15:12:45.432461,sensor/Current frequency,0.0,424.1755
2026-09-04T15:12:45.475649,sensor/Current frequency,0.0,405.7635
2026-09-04T15:12:45.532297,sensor/Current frequency,0.0,412.9456
2026-09-04T15:12:45.583327,sensor/Current frequency,0.0,157.9561
2026-09-04T15:12:45.637745,sensor/Current frequency,0.0,271.6641
2026-09-04T15:12:45.692253,sensor/Current frequency,0.0,159.5634
2026-09-04T15:12:45.743766,sensor/Current frequency,0.0,96.30472
2026-09-04T15:12:45.796021,sensor/Current frequency,0.0,793.9182
2026-09-04T15:12:45.848991,sensor/Current frequency,0.0,82.85886
2026-09-04T15:12:45.912755,sensor/Current frequency,0.008908,97.15121
2026-09-04T15:12:45.954639,sensor/Current frequency,0.013254,100.4348
2026-09-04T15:12:46.012538,sensor/Current frequency,0.015068,117.5604
2026-09-04T15:12:46.061280,sensor/Current frequency,0.015981,308.2239
2026-09-04T15:12:46.118489,sensor/Current frequency,0.016948,155.4778
2026-09-04T15:12:46.167508,sensor/Current frequency,0.017679,80.702
2026-09-04T15:12:46.219950,sensor/Current frequency,0.018403,84.26626
2026-09-04T15:12:46.282216,sensor/Current frequency,0.018877,72.8621
2026-09-04T15:12:46.326301,sensor/Current frequency,0.01921,196.169
2026-09-04T15:12:46.385341,sensor/Current frequency,0.019817,77.98743
2026-09-04T15:12:46.435817,sensor/Current frequency,0.020013,60.63242
2026-09-04T15:12:46.491769,sensor/Current frequency,0.020514,71.53889
2026-09-04T15:12:46.538890,sensor/Current frequency,0.0,492.6221
2026-09-04T15:12:46.595538,sensor/Current frequency,0.0,299.2664
2026-09-04T15:12:46.657059,sensor/Current frequency,0.0,72.64194
2026-09-04T15:12:46.696483,sensor/Current frequency,0.0,68.1408
2026-09-04T15:12:46.760973,sensor/Current frequency,0.0,413.7285
2026-09-04T15:12:46.805053,sensor/Current frequency,0.0,368.0673
2026-09-04T15:12:46.863721,sensor/Current frequency,0.0,81.37703
2026-09-04T15:12:46.908480,sensor/Current frequency,0.0,256.1078
2026-09-04T15:12:46.970675,sensor/Current frequency,0.0,190.7341
2026-09-04T15:12:47.045132,sensor/Current frequency,0.0,552.6193
2026-09-04T15:12:47.069805,sensor/Current frequency,0.0,272.5944
2026-09-04T15:12:47.257001,sensor/Current frequency,0.0,698.4911
2026-09-04T15:12:47.274040,sensor/Current frequency,0.0,339.9593
2026-09-04T15:12:47.274401,sensor/Current frequency,0.008959,109.2217
2026-09-04T15:12:47.295390,sensor/Current frequency,0.011225,95.31657
2026-09-04T15:12:47.352073,sensor/Current frequency,0.011877,335.2142
2026-09-04T15:12:47.406879,sensor/Current frequency,0.013127,433.6071
2026-09-04T15:12:47.455053,sensor/Current frequency,0.014053,171.4485
2026-09-04T15:12:47.515806,sensor/Current frequency,0.014665,123.6912
2026-09-04T15:12:47.577609,sensor/Current frequency,0.015925,446.5338
2026-09-04T15:12:47.619542,sensor/Current frequency,0.016289,435.2045
2026-09-04T15:12:47.667772,sensor/Current frequency,0.017471,104.1455
2026-09-04T15:12:47.721746,sensor/Current frequency,0.0,560.6205
2026-09-04T15:12:47.784335,sensor/Current frequency,0.0,254.322
2026-09-04T15:12:47.829013,sensor/Current frequency,0.0,122.9772
2026-09-04T15:12:47.892066,sensor/Current frequency,0.0,374.8946
2026-09-04T15:12:47.934086,sensor/Current frequency,0.0,276.2305
2026-09-04T15:12:47.990808,sensor/Current frequency,0.0,378.1785
2026-09-04T15:12:48.040048,sensor/Current frequency,0.0,455.1927
2026-09-04T15:12:48.095823,sensor/Current frequency,0.0,194.5851
2026-09-04T15:12:48.141997,sensor/Current frequency,0.0,432.1076
2026-09-04T15:12:48.201472,sensor/Current frequency,0.0,666.39
2026-09-04T15:12:48.263937,sensor/Current frequency,0.009407,101.2111
2026-09-04T15:12:48.301868,sensor/Current frequency,0.011124,197.2951
2026-09-04T15:12:48.364123,sensor/Current frequency,0.013183,696.8409
2026-09-04T15:12:48.412579,sensor/Current frequency,0.013986,325.0777
2026-09-04T15:12:48.473894,sensor/Current frequency,0.015073,684.3594
2026-09-04T15:12:48.518365,sensor/Current frequency,0.015789,1413.483
2026-09-04T15:12:48.572575,sensor/Current frequency,0.015877,681.5673
2026-09-04T15:12:48.624631,sensor/Current frequency,0.016495,683.9752
2026-09-04T15:12:48.676855,sensor/Current frequency,0.0,128.2385
2026-09-04T15:12:48.739295,sensor/Current frequency,0.005524,663.588
2026-09-04T15:12:48.780613,sensor/Current frequency,0.009484,547.1582
2026-09-04T15:12:48.851403,sensor/Current frequency,0.010626,169.6556
2026-09-04T15:12:48.887556,sensor/Current frequency,0.011731,170.2626
2026-09-04T15:12:48.950476,sensor/Current frequency,0.012456,274.5309
2026-09-04T15:12:48.996276,sensor/Current frequency,0.013709,597.8349
2026-09-04T15:12:49.051538,sensor/Current frequency,0.014634,551.7158
2026-09-04T15:12:49.101212,sensor/Current frequency,0.015095,684.4483
2026-09-04T15:12:49.156506,sensor/Current frequency,0.016,700.9504
2026-09-04T15:12:49.223272,sensor/Current frequency,0.016359,676.4182
2026-09-04T15:12:49.262535,sensor/Current frequency,0.017521,347.0432
2026-09-04T15:12:49.321694,sensor/Current frequency,0.018099,261.7737
2026-09-04T15:12:49.366195,sensor/Current frequency,0.018236,693.7004
2026-09-04T15:12:49.421940,sensor/Current frequency,0.018643,195.9153
2026-09-04T15:12:49.475257,sensor/Current frequency,0.018668,678.11
2026-09-04T15:12:49.527474,sensor/Current frequency,0.0,1382.418
2026-09-04T15:12:49.582246,sensor/Current frequency,0.0,616.4465
2026-09-04T15:12:49.633406,sensor/Current frequency,0.0,281.4642
2026-09-04T15:12:49.686274,sensor/Current frequency,0.0,498.8843
2026-09-04T15:12:49.738824,sensor/Current frequency,0.012956,89.10509
2026-09-04T15:12:49.795090,sensor/Current frequency,0.014951,135.1427
2026-09-04T15:12:49.844600,sensor/Current frequency,0.017474,111.4651
2026-09-04T15:12:49.904554,sensor/Current frequency,0.018075,118.5967
2026-09-04T15:12:49.952805,sensor/Current frequency,0.01867,689.1321
2026-09-04T15:12:50.004990,sensor/Current frequency,0.018937,87.92076
2026-09-04T15:12:50.114750,sensor/Current frequency,0.0,720.0543
2026-09-04T15:12:50.115040,sensor/Current frequency,0.0,185.1134
2026-09-04T15:12:50.188580,sensor/Current frequency,0.0,266.9565
2026-09-04T15:12:50.215497,sensor/Current frequency,0.0,262.0634
2026-09-04T15:12:50.295501,sensor/Current frequency,0.0,655.4319
2026-09-04T15:12:50.324487,sensor/Current frequency,0.0,246.3275
2026-09-04T15:12:50.384306,sensor/Current frequency,0.0,423.995
2026-09-04T15:12:50.445852,sensor/Current frequency,0.0,69.89383
2026-09-04T15:12:50.485220,sensor/Current frequency,0.0,186.9669
2026-09-04T15:12:50.542724,sensor/Current frequency,0.0,487.5403
2026-09-04T15:12:50.592771,sensor/Current frequency,0.0,699.1506
2026-09-04T15:12:50.651087,sensor/Current frequency,0.0,587.3622
2026-09-04T15:12:50.698102,sensor/Current frequency,0.0,784.0467
2026-09-04T15:12:50.753356,sensor/Current frequency,0.0,288.7787
2026-09-04T15:12:50.802497,sensor/Current frequency,0.0,286.351
2026-09-04T15:12:50.857368,sensor/Current frequency,0.0,243.1057
2026-09-04T15:12:50.908973,sensor/Current frequency,0.0,624.7355
2026-09-04T15:12:50.963200,sensor/Current frequency,0.0,666.1382
2026-09-04T15:12:51.015736,sensor/Current frequency,0.0,670.1457
2026-09-04T15:12:51.067042,sensor/Current frequency,0.0,189.3742
2026-09-04T15:12:51.129509,sensor/Current frequency,0.0,247.9367
2026-09-04T15:12:51.202092,sensor/Current frequency,0.0,534.3106
2026-09-04T15:12:51.285032,sensor/Current frequency,0.0,233.2961
2026-09-04T15:12:51.285267,sensor/Current frequency,0.0,225.7393
2026-09-04T15:12:51.378473,sensor/Current frequency,0.0,553.1937
2026-09-04T15:12:51.407578,sensor/Current frequency,0.0,217.4324
2026-09-04T15:12:51.463260,sensor/Current frequency,0.0,172.648
2026-09-04T15:12:51.505504,sensor/Current frequency,0.0,280.8334
2026-09-04T15:12:51.588615,sensor/Current frequency,0.0,400.0728
2026-09-04T15:12:51.612881,sensor/Current frequency,0.0,93.05673
2026-09-04T15:12:51.682790,sensor/Current frequency,0.0,236.7325
2026-09-04T15:12:51.721144,sensor/Current frequency,0.0,258.1804
2026-09-04T15:12:51.775657,sensor/Current frequency,0.0,84.22575
2026-09-04T15:12:51.823635,sensor/Current frequency,0.0,75.93797
2026-09-04T15:12:51.882184,sensor/Current frequency,0.0,195.0269
2026-09-04T15:12:51.928261,sensor/Current frequency,0.0,197.7058
2026-09-04T15:12:51.983135,sensor/Current frequency,0.0,213.0442
2026-09-04T15:12:52.039896,sensor/Current frequency,0.0,91.24857
2026-09-04T15:12:52.092677,sensor/Current frequency,0.0,93.74326
2026-09-04T15:12:52.141058,sensor/Current frequency,0.0,93.45181
2026-09-04T15:12:52.195848,sensor/Current frequency,0.0,192.7677
2026-09-04T15:12:52.250562,sensor/Current frequency,0.0,72.7638
2026-09-04T15:12:52.300260,sensor/Current frequency,0.0,102.9204
2026-09-04T15:12:52.355699,sensor/Current frequency,0.0,102.5854
2026-09-04T15:12:52.403456,sensor/Current frequency,0.0,195.6528
2026-09-04T15:12:52.458925,sensor/Current frequency,0.0,123.3118
2026-09-04T15:12:52.513389,sensor/Current frequency,0.0,294.5365
2026-09-04T15:12:52.566859,sensor/Current frequency,0.0,398.318
2026-09-04T15:12:52.627141,sensor/Current frequency,0.0,102.7417
2026-09-04T15:12:52.669716,sensor/Current frequency,0.0,332.7492
2026-09-04T15:12:52.734126,sensor/Current frequency,0.007813,87.81596
2026-09-04T15:12:52.779423,sensor/Current frequency,0.009244,173.7509
2026-09-04T15:12:52.847930,sensor/Current frequency,0.011431,198.8962
2026-09-04T15:12:52.885635,sensor/Current frequency,0.012621,335.1036
2026-09-04T15:12:52.942842,sensor/Current frequency,0.013257,331.2284
2026-09-04T15:12:52.997827,sensor/Current frequency,0.014043,262.6055
2026-09-04T15:12:53.045708,sensor/Current frequency,0.014447,612.5433
2026-09-04T15:12:53.103957,sensor/Current frequency,0.014867,353.5836
2026-09-04T15:12:53.153964,sensor/Current frequency,0.0,188.5638
2026-09-04T15:12:53.206796,sensor/Current frequency,0.0,251.7545
2026-09-04T15:12:53.256162,sensor/Current frequency,0.0,473.072
2026-09-04T15:12:53.317570,sensor/Current frequency,0.0,95.29809
2026-09-04T15:12:53.358301,sensor/Current frequency,0.0,94.32513
2026-09-04T15:12:53.417523,sensor/Current frequency,0.0,634.7059
2026-09-04T15:12:53.469269,sensor/Current frequency,0.0,209.3259
2026-09-04T15:12:53.520433,sensor/Current frequency,0.0,683.5148
2026-09-04T15:12:53.572600,sensor/Current frequency,0.0,478.148
2026-09-04T15:12:53.625694,sensor/Current frequency,0.0,129.2656
2026-09-04T15:12:53.685442,sensor/Current frequency,0.0,572.4628
2026-09-04T15:12:53.731659,sensor/Current frequency,0.0,65.25971
2026-09-04T15:12:53.787843,sensor/Current frequency,0.0,310.0853
2026-09-04T15:12:53.838262,sensor/Current frequency,0.0,271.3144
2026-09-04T15:12:53.896006,sensor/Current frequency,0.0,66.99011
2026-09-04T15:12:53.943668,sensor/Current frequency,0.0,67.90226
2026-09-04T15:12:54.001628,sensor/Current frequency,0.0,335.9914
2026-09-04T15:12:54.058478,sensor/Current frequency,0.0,211.2197
2026-09-04T15:12:54.107233,sensor/Current frequency,0.0,232.4216
2026-09-04T15:12:54.162638,sensor/Current frequency,0.006889,1732.384
2026-09-04T15:12:54.211419,sensor/Current frequency,0.008151,366.9475
2026-09-04T15:12:54.268627,sensor/Current frequency,0.010372,1141.019
2026-09-04T15:12:54.323144,sensor/Current frequency,0.011387,1130.149
2026-09-04T15:12:54.371989,sensor/Current frequency,0.0,350.7707
2026-09-04T15:12:54.432788,sensor/Current frequency,0.0,264.8606
2026-09-04T15:12:54.478839,sensor/Current frequency,0.0,656.6365
2026-09-04T15:12:54.536889,sensor/Current frequency,0.0,493.2945
2026-09-04T15:12:54.587775,sensor/Current frequency,0.0,162.2412
2026-09-04T15:12:54.646528,sensor/Current frequency,0.0,179.7783
2026-09-04T15:12:54.690576,sensor/Current frequency,0.0,214.6617
2026-09-04T15:12:54.742122,sensor/Current frequency,0.0,183.5518
2026-09-04T15:12:54.794585,sensor/Current frequency,0.0,505.829
2026-09-04T15:12:54.850897,sensor/Current frequency,0.0,556.2664
2026-09-04T15:12:54.898974,sensor/Current frequency,0.0,245.7241
2026-09-04T15:12:54.954347,sensor/Current frequency,0.0,695.9919
2026-09-04T15:12:55.008230,sensor/Current frequency,0.02118,1919.354
2026-09-04T15:12:55.067422,sensor/Current frequency,0.03812,2003.764
2026-09-04T15:12:55.115755,sensor/Current frequency,0.046047,2003.274
2026-09-04T15:12:55.165716,sensor/Current frequency,0.049319,2003.563
2026-09-04T15:12:55.224495,sensor/Current frequency,0.055176,2002.81
2026-09-04T15:12:55.273778,sensor/Current frequency,0.058115,2028.338
2026-09-04T15:12:55.324991,sensor/Current frequency,0.056452,1999.721
2026-09-04T15:12:55.377900,sensor/Current frequency,0.055464,1996.874
2026-09-04T15:12:55.430846,sensor/Current frequency,0.053223,2002.471
2026-09-04T15:12:55.492794,sensor/Current frequency,0.051203,2002.535
2026-09-04T15:12:55.541938,sensor/Current frequency,0.050242,1999.835
2026-09-04T15:12:55.629461,sensor/Current frequency,0.0,1611.863
2026-09-04T15:12:55.645534,sensor/Current frequency,0.0,289.8422
2026-09-04T15:12:55.718060,sensor/Current frequency,0.0,242.8868
2026-09-04T15:12:55.749493,sensor/Current frequency,0.0,378.8922
2026-09-04T15:12:55.838827,sensor/Current frequency,0.0,114.5179
2026-09-04T15:12:55.867056,sensor/Current frequency,0.0,209.3218
2026-09-04T15:12:55.920293,sensor/Current frequency,0.0,116.1711
2026-09-04T15:12:55.985747,sensor/Current frequency,0.0,82.99573
2026-09-04T15:12:56.022225,sensor/Current frequency,0.03257,2004.042
2026-09-04T15:12:56.078159,sensor/Current frequency,0.038993,2003.426
2026-09-04T15:12:56.125697,sensor/Current frequency,0.048462,2003.757
2026-09-04T15:12:56.174424,sensor/Current frequency,0.052353,2003.403
2026-09-04T15:12:56.227259,sensor/Current frequency,0.057728,2003.4
2026-09-04T15:12:56.279838,sensor/Current frequency,0.058081,2007.86
2026-09-04T15:12:56.331789,sensor/Current frequency,0.056521,2001.47
2026-09-04T15:12:56.385077,sensor/Current frequency,0.054296,2005.241
2026-09-04T15:12:56.437459,sensor/Current frequency,0.05318,1998.854
2026-09-04T15:12:56.496857,sensor/Current frequency,0.05102,2008.05
2026-09-04T15:12:56.549563,sensor/Current frequency,0.050003,2001.617
2026-09-04T15:12:56.596646,sensor/Current frequency,0.0,209.3064
2026-09-04T15:12:56.652851,sensor/Current frequency,0.0,133.5067
2026-09-04T15:12:56.702266,sensor/Current frequency,0.0,313.252
2026-09-04T15:12:56.756008,sensor/Current frequency,0.0,190.4095
2026-09-04T15:12:56.811298,sensor/Current frequency,0.0,189.8939
2026-09-04T15:12:56.861018,sensor/Current frequency,0.0,193.9552
2026-09-04T15:12:56.923314,sensor/Current frequency,0.0,228.103
2026-09-04T15:12:56.975091,sensor/Current frequency,0.0,197.8209
2026-09-04T15:12:57.029934,sensor/Current frequency,0.03124,2002.319
2026-09-04T15:12:57.103048,sensor/Current frequency,0.041104,2003.964
2026-09-04T15:12:57.136486,sensor/Current frequency,0.044775,2003.574
2026-09-04T15:12:57.179528,sensor/Current frequency,0.051904,2003.684
2026-09-04T15:12:57.235039,sensor/Current frequency,0.055095,2003.089
2026-09-04T15:12:57.296105,sensor/Current frequency,0.057347,2005.194
2026-09-04T15:12:57.342041,sensor/Current frequency,0.0555,2002.503
2026-09-04T15:12:57.400736,sensor/Current frequency,0.054433,2001.786
2026-09-04T15:12:57.450115,sensor/Current frequency,0.052168,2003.489
2026-09-04T15:12:57.507689,sensor/Current frequency,0.051116,2004.988
2026-09-04T15:12:57.552654,sensor/Current frequency,0.049076,676.4221
2026-09-04T15:12:57.607357,sensor/Current frequency,0.0,672.0707
2026-09-04T15:12:57.661801,sensor/Current frequency,0.0,498.0777
2026-09-04T15:12:57.711218,sensor/Current frequency,0.007085,213.17
2026-09-04T15:12:57.775258,sensor/Current frequency,0.00831,228.4192
2026-09-04T15:12:57.820449,sensor/Current frequency,0.0,208.6263
2026-09-04T15:12:57.870740,sensor/Current frequency,0.0,653.4254
2026-09-04T15:12:57.926291,sensor/Current frequency,0.0,216.8675
2026-09-04T15:12:57.976286,sensor/Current frequency,0.023372,1962.144
2026-09-04T15:12:58.030595,sensor/Current frequency,0.033514,2003.865
2026-09-04T15:12:58.085891,sensor/Current frequency,0.044951,2003.011
2026-09-04T15:12:58.135690,sensor/Current frequency,0.051824,2003.268
2026-09-04T15:12:58.193862,sensor/Current frequency,0.054015,2003.607
2026-09-04T15:12:58.242833,sensor/Current frequency,0.057183,2007.501
2026-09-04T15:12:58.296282,sensor/Current frequency,0.056766,2002.688
2026-09-04T15:12:58.361079,sensor/Current frequency,0.055015,2003.037
2026-09-04T15:12:58.404905,sensor/Current frequency,0.053906,2001.189
2026-09-04T15:12:58.465227,sensor/Current frequency,0.05176,2003.222
2026-09-04T15:12:58.510599,sensor/Current frequency,0.049743,130.4483
2026-09-04T15:12:58.566391,sensor/Current frequency,0.048703,1996.688
2026-09-04T15:12:58.617313,sensor/Current frequency,0.046814,130.6143
2026-09-04T15:12:58.669438,sensor/Current frequency,0.045962,141.3304
2026-09-04T15:12:58.731700,sensor/Current frequency,0.044371,130.2817
2026-09-04T15:12:58.775893,sensor/Current frequency,0.0,374.1881
2026-09-04T15:12:58.834387,sensor/Current frequency,0.0,206.3828
2026-09-04T15:12:58.882362,sensor/Current frequency,0.0,864.6453
2026-09-04T15:12:58.940343,sensor/Current frequency,0.0,340.1717
2026-09-04T15:12:58.987732,sensor/Current frequency,0.0,122.214
2026-09-04T15:12:59.040068,sensor/Current frequency,0.0,141.3571
2026-09-04T15:12:59.094512,sensor/Current frequency,0.0,278.7274
2026-09-04T15:12:59.151214,sensor/Current frequency,0.0,587.2278
2026-09-04T15:12:59.199091,sensor/Current frequency,0.0,604.366
2026-09-04T15:12:59.257719,sensor/Current frequency,0.0,152.3998
2026-09-04T15:12:59.304500,sensor/Current frequency,0.0,100.0019
2026-09-04T15:12:59.360365,sensor/Current frequency,0.0,178.86
2026-09-04T15:12:59.411232,sensor/Current frequency,0.0,263.0923
2026-09-04T15:12:59.463825,sensor/Current frequency,0.011158,198.0311
2026-09-04T15:12:59.521809,sensor/Current frequency,0.01311,1083.36
2026-09-04T15:12:59.570146,sensor/Current frequency,0.0,189.3567
2026-09-04T15:12:59.626469,sensor/Current frequency,0.0,165.3584
2026-09-04T15:12:59.686872,sensor/Current frequency,0.0,356.3766
2026-09-04T15:12:59.733709,sensor/Current frequency,0.0,265.3104
2026-09-04T15:12:59.795705,sensor/Current frequency,0.0,398.248
2026-09-04T15:12:59.835607,sensor/Current frequency,0.0,92.90181
2026-09-04T15:12:59.899449,sensor/Current frequency,0.0,641.7203
2026-09-04T15:12:59.943042,sensor/Current frequency,0.0,87.03435
2026-09-04T15:12:59.997890,sensor/Current frequency,0.0,96.7463
2026-09-04T15:13:00.048581,sensor/Current frequency,0.0,97.31465
2026-09-04T15:13:00.104134,sensor/Current frequency,0.0,569.9174
2026-09-04T15:13:00.163375,sensor/Current frequency,0.0,196.8597
2026-09-04T15:13:00.214848,sensor/Current frequency,0.0,567.2153
2026-09-04T15:13:00.269418,sensor/Current frequency,0.0,567.6915
2026-09-04T15:13:00.317275,sensor/Current frequency,0.0,544.4645
2026-09-04T15:13:00.372211,sensor/Current frequency,0.0,418.2188
2026-09-04T15:13:00.425118,sensor/Current frequency,0.0,510.5029
2026-09-04T15:13:00.477097,sensor/Current frequency,0.0,807.8004
2026-09-04T15:13:00.529632,sensor/Current frequency,0.0,74.64379
2026-09-04T15:13:00.581707,sensor/Current frequency,0.0,114.0046
2026-09-04T15:13:00.635866,sensor/Current frequency,0.0,83.37856
2026-09-04T15:13:00.687268,sensor/Current frequency,0.0,67.83403
2026-09-04T15:13:00.746026,sensor/Current frequency,0.0,772.9189
2026-09-04T15:13:00.797920,sensor/Current frequency,0.0,274.92
2026-09-04T15:13:00.847051,sensor/Current frequency,0.0,88.37625
2026-09-04T15:13:00.901091,sensor/Current frequency,0.0,219.9995
2026-09-04T15:13:00.956205,sensor/Current frequency,0.0,207.2797
2026-09-04T15:13:01.087633,sensor/Current frequency,0.01472,205.4036
2026-09-04T15:13:01.240470,sensor/Current frequency,0.020698,165.5791
2026-09-04T15:13:01.246709,sensor/Current frequency,0.021134,106.1165
2026-09-04T15:13:01.247007,sensor/Current frequency,0.021909,112.3144
2026-09-04T15:13:01.247239,sensor/Current frequency,0.022201,86.43285
2026-09-04T15:13:01.303284,sensor/Current frequency,0.022528,176.5036
2026-09-04T15:13:01.350851,sensor/Current frequency,0.022943,713.0116
2026-09-04T15:13:01.442252,sensor/Current frequency,0.022732,313.7172
2026-09-04T15:13:01.458019,sensor/Current frequency,0.0,283.2531
2026-09-04T15:13:01.517644,sensor/Current frequency,0.0,74.25504
2026-09-04T15:13:01.568283,sensor/Current frequency,0.0,949.6453
2026-09-04T15:13:01.616590,sensor/Current frequency,0.0,264.5339
2026-09-04T15:13:01.670590,sensor/Current frequency,0.0,1592.021
2026-09-04T15:13:01.722754,sensor/Current frequency,0.0,289.7578
2026-09-04T15:13:01.775907,sensor/Current frequency,0.0,579.6115
2026-09-04T15:13:01.837739,sensor/Current frequency,0.0,586.9642
2026-09-04T15:13:01.880447,sensor/Current frequency,0.0,575.2473
2026-09-04T15:13:01.942509,sensor/Current frequency,0.008005,158.2541
2026-09-04T15:13:02.003195,sensor/Current frequency,0.011449,163.0022
2026-09-04T15:13:02.045367,sensor/Current frequency,0.013878,457.0694
2026-09-04T15:13:02.097790,sensor/Current frequency,0.015375,363.8832
2026-09-04T15:13:02.148442,sensor/Current frequency,0.016067,142.4454
2026-09-04T15:13:02.208380,sensor/Current frequency,0.017204,493.6854
2026-09-04T15:13:02.272635,sensor/Current frequency,0.017908,1075.228
2026-09-04T15:13:02.318446,sensor/Current frequency,0.01814,480.4957
2026-09-04T15:13:02.363972,sensor/Current frequency,0.01824,1523.615
2026-09-04T15:13:02.419939,sensor/Current frequency,0.018534,107.8253
2026-09-04T15:13:02.466297,sensor/Current frequency,0.019223,87.51554
2026-09-04T15:13:02.519315,sensor/Current frequency,0.0,653.1667
2026-09-04T15:13:02.578016,sensor/Current frequency,0.0,719.0281
2026-09-04T15:13:02.656987,sensor/Current frequency,0.0,790.7855
2026-09-04T15:13:02.678601,sensor/Current frequency,0.0,161.7249
2026-09-04T15:13:02.735268,sensor/Current frequency,0.0,268.5094
2026-09-04T15:13:02.781675,sensor/Current frequency,0.0,254.0439
2026-09-04T15:13:02.836240,sensor/Current frequency,0.0,288.2357
2026-09-04T15:13:02.889175,sensor/Current frequency,0.0,220.2123
2026-09-04T15:13:02.941251,sensor/Current frequency,0.0,147.4637
2026-09-04T15:13:02.995983,sensor/Current frequency,0.0,526.9123
2026-09-04T15:13:03.053229,sensor/Current frequency,0.0,687.9914
2026-09-04T15:13:03.108328,sensor/Current frequency,0.0,525.2078
2026-09-04T15:13:03.153615,sensor/Current frequency,0.0,317.5725
2026-09-04T15:13:03.211811,sensor/Current frequency,0.0,225.3599
2026-09-04T15:13:03.268032,sensor/Current frequency,0.0,323.9976
2026-09-04T15:13:03.334967,sensor/Current frequency,0.0,111.3755
2026-09-04T15:13:03.373735,sensor/Current frequency,0.0,96.43171
2026-09-04T15:13:03.438666,sensor/Current frequency,0.011848,85.82169
2026-09-04T15:13:03.477551,sensor/Current frequency,0.016112,116.5035
2026-09-04T15:13:03.531025,sensor/Current frequency,0.01692,99.139
2026-09-04T15:13:03.581748,sensor/Current frequency,0.0,87.62524
2026-09-04T15:13:03.640449,sensor/Current frequency,0.0,135.7426
2026-09-04T15:13:03.685346,sensor/Current frequency,0.0,386.3849
2026-09-04T15:13:03.751457,sensor/Current frequency,0.0,128.4244
2026-09-04T15:13:03.789952,sensor/Current frequency,0.0,205.9389
2026-09-04T15:13:03.851902,sensor/Current frequency,0.0,191.1272
2026-09-04T15:13:03.901785,sensor/Current frequency,0.0,85.93084
2026-09-04T15:13:03.952763,sensor/Current frequency,0.0,363.4436
2026-09-04T15:13:04.003753,sensor/Current frequency,0.0,80.50562
2026-09-04T15:13:04.059553,sensor/Current frequency,0.0,239.117
2026-09-04T15:13:04.111503,sensor/Current frequency,0.0,106.946
2026-09-04T15:13:04.164543,sensor/Current frequency,0.0,164.618
2026-09-04T15:13:04.215534,sensor/Current frequency,0.0,73.80827
2026-09-04T15:13:04.272537,sensor/Current frequency,0.0,634.7483
2026-09-04T15:13:04.322588,sensor/Current frequency,0.0,103.9467
2026-09-04T15:13:04.379425,sensor/Current frequency,0.0,1401.867
2026-09-04T15:13:04.433437,sensor/Current frequency,0.0,188.0198
2026-09-04T15:13:04.484499,sensor/Current frequency,0.0,531.0334
2026-09-04T15:13:04.535344,sensor/Current frequency,0.0,100.5588
2026-09-04T15:13:04.598445,sensor/Current frequency,0.0,86.91684
2026-09-04T15:13:04.644520,sensor/Current frequency,0.0,73.37144
2026-09-04T15:13:04.703233,sensor/Current frequency,0.0,82.93701
2026-09-04T15:13:04.747650,sensor/Current frequency,0.0,321.5216
2026-09-04T15:13:04.811442,sensor/Current frequency,0.0,89.83977
2026-09-04T15:13:04.855634,sensor/Current frequency,0.0,105.6637
2026-09-04T15:13:04.912877,sensor/Current frequency,0.0,539.0051
2026-09-04T15:13:04.963813,sensor/Current frequency,0.0,93.53742
2026-09-04T15:13:05.016082,sensor/Current frequency,0.0,432.818
2026-09-04T15:13:05.079005,sensor/Current frequency,0.0,197.2766
2026-09-04T15:13:05.121750,sensor/Current frequency,0.0,192.5054
2026-09-04T15:13:05.190352,sensor/Current frequency,0.0,201.1489
2026-09-04T15:13:05.226649,sensor/Current frequency,0.0,124.1242
2026-09-04T15:13:05.289388,sensor/Current frequency,0.0,157.2842
2026-09-04T15:13:05.333831,sensor/Current frequency,0.01339,136.2452
2026-09-04T15:13:05.387597,sensor/Current frequency,0.0147,179.1508
2026-09-04T15:13:05.443021,sensor/Current frequency,0.017126,205.4228
2026-09-04T15:13:05.494539,sensor/Current frequency,0.017926,972.9521
2026-09-04T15:13:05.547481,sensor/Current frequency,0.0187,120.948
2026-09-04T15:13:05.601977,sensor/Current frequency,0.019209,131.7262
2026-09-04T15:13:05.661100,sensor/Current frequency,0.019443,115.795
2026-09-04T15:13:05.707961,sensor/Current frequency,0.019721,725.5691
2026-09-04T15:13:05.760877,sensor/Current frequency,0.019923,122.927
2026-09-04T15:13:05.812699,sensor/Current frequency,0.02036,131.3877
2026-09-04T15:13:05.869034,sensor/Current frequency,0.021039,126.0472
2026-09-04T15:13:05.928697,sensor/Current frequency,0.021523,178.7348
2026-09-04T15:13:05.984207,sensor/Current frequency,0.022128,133.6618
2026-09-04T15:13:06.055192,sensor/Current frequency,0.022671,127.6819
2026-09-04T15:13:06.085826,sensor/Current frequency,0.022877,128.2155
2026-09-04T15:13:06.152928,sensor/Current frequency,0.022972,128.3353
2026-09-04T15:13:06.187115,sensor/Current frequency,0.025953,93.78238
2026-09-04T15:13:06.240065,sensor/Current frequency,0.027659,136.2931
2026-09-04T15:13:06.301263,sensor/Current frequency,0.028181,127.4557
2026-09-04T15:13:06.346769,sensor/Current frequency,0.027916,93.53958
2026-09-04T15:13:06.411955,sensor/Current frequency,0.027764,152.8422
2026-09-04T15:13:06.456144,sensor/Current frequency,0.027534,150.5555
2026-09-04T15:13:06.514994,sensor/Current frequency,0.027399,129.0863
2026-09-04T15:13:06.558476,sensor/Current frequency,0.027143,151.4719
2026-09-04T15:13:06.616825,sensor/Current frequency,0.02697,151.5113
2026-09-04T15:13:06.664932,sensor/Current frequency,0.026424,174.5226
2026-09-04T15:13:06.720638,sensor/Current frequency,0.026207,491.7436
2026-09-04T15:13:06.774740,sensor/Current frequency,0.026134,146.8239
2026-09-04T15:13:06.823834,sensor/Current frequency,0.025883,131.0837
2026-09-04T15:13:06.876213,sensor/Current frequency,0.026061,104.2878
2026-09-04T15:13:06.962813,sensor/Current frequency,0.026049,91.37235
2026-09-04T15:13:06.981203,sensor/Current frequency,0.025984,232.0526
2026-09-04T15:13:07.070465,sensor/Current frequency,0.025737,223.2218
2026-09-04T15:13:07.095791,sensor/Current frequency,0.026157,215.4618
2026-09-04T15:13:07.142823,sensor/Current frequency,0.026145,192.6794
2026-09-04T15:13:07.196054,sensor/Current frequency,0.025837,226.8011
2026-09-04T15:13:07.247667,sensor/Current frequency,0.025782,133.6087
2026-09-04T15:13:07.299523,sensor/Current frequency,0.0,118.7465
2026-09-04T15:13:07.361469,sensor/Current frequency,0.0,95.52043
2026-09-04T15:13:07.407462,sensor/Current frequency,0.0,781.5814
2026-09-04T15:13:07.467276,sensor/Current frequency,0.0,173.2802
2026-09-04T15:13:07.514115,sensor/Current frequency,0.005524,177.5993
2026-09-04T15:13:07.570869,sensor/Current frequency,0.008309,142.1789
2026-09-04T15:13:07.618890,sensor/Current frequency,0.010764,82.1065
2026-09-04T15:13:07.674448,sensor/Current frequency,0.011597,213.1298
2026-09-04T15:13:07.738745,sensor/Current frequency,0.014,85.58775
2026-09-04T15:13:07.782665,sensor/Current frequency,0.01533,67.41648
2026-09-04T15:13:07.837696,sensor/Current frequency,0.0,217.9486
2026-09-04T15:13:07.888716,sensor/Current frequency,0.0,77.66312
2026-09-04T15:13:07.946049,sensor/Current frequency,0.0,715.6123
2026-09-04T15:13:07.990579,sensor/Current frequency,0.006536,822.8245
2026-09-04T15:13:08.048481,sensor/Current frequency,0.009128,820.5736
2026-09-04T15:13:08.098589,sensor/Current frequency,0.011599,769.6508
2026-09-04T15:13:08.160109,sensor/Current frequency,0.01366,88.43381
2026-09-04T15:13:08.247787,sensor/Current frequency,0.01452,90.36911
2026-09-04T15:13:08.254781,sensor/Current frequency,0.016641,88.21126
2026-09-04T15:13:08.318438,sensor/Current frequency,0.017488,90.29195
2026-09-04T15:13:08.387016,sensor/Current frequency,0.018729,662.7123
2026-09-04T15:13:08.420886,sensor/Current frequency,0.019152,660.1923
2026-09-04T15:13:08.469719,sensor/Current frequency,0.019989,98.35173
2026-09-04T15:13:08.525415,sensor/Current frequency,0.021134,58.8416
2026-09-04T15:13:08.577804,sensor/Current frequency,0.021611,61.55011
2026-09-04T15:13:08.630000,sensor/Current frequency,0.0,140.2403
2026-09-04T15:13:08.679322,sensor/Current frequency,0.0,69.32369
2026-09-04T15:13:08.734835,sensor/Current frequency,0.0,80.30621
2026-09-04T15:13:08.799069,sensor/Current frequency,0.0,93.17208
2026-09-04T15:13:08.839714,sensor/Current frequency,0.0,114.2505
2026-09-04T15:13:08.904188,sensor/Current frequency,0.0,85.92141
2026-09-04T15:13:08.950617,sensor/Current frequency,0.0,88.40982
2026-09-04T15:13:09.003257,sensor/Current frequency,0.0,537.6937
2026-09-04T15:13:09.051421,sensor/Current frequency,0.0,83.39036
2026-09-04T15:13:09.106434,sensor/Current frequency,0.0,472.1417
2026-09-04T15:13:09.167007,sensor/Current frequency,0.0,215.5219
2026-09-04T15:13:09.212588,sensor/Current frequency,0.0,68.33525
2026-09-04T15:13:09.281335,sensor/Current frequency,0.0,132.1607
2026-09-04T15:13:09.319547,sensor/Current frequency,0.0,307.5585
2026-09-04T15:13:09.381158,sensor/Current frequency,0.0,77.38918
2026-09-04T15:13:09.429767,sensor/Current frequency,0.0,79.93559
2026-09-04T15:13:09.481991,sensor/Current frequency,0.0,81.49031
2026-09-04T15:13:09.532194,sensor/Current frequency,0.0,86.35879
2026-09-04T15:13:09.584324,sensor/Current frequency,0.0,57.83282
2026-09-04T15:13:09.642185,sensor/Current frequency,0.0,67.51377
2026-09-04T15:13:09.691259,sensor/Current frequency,0.0,75.576
2026-09-04T15:13:09.753984,sensor/Current frequency,0.0,97.58411
2026-09-04T15:13:09.835450,sensor/Current frequency,0.0,88.35794
2026-09-04T15:13:09.847416,sensor/Current frequency,0.0,71.61401
2026-09-04T15:13:09.906319,sensor/Current frequency,0.0,85.13003
2026-09-04T15:13:09.967560,sensor/Current frequency,0.0,69.8788
2026-09-04T15:13:10.007678,sensor/Current frequency,0.0,66.76416
2026-09-04T15:13:10.064922,sensor/Current frequency,0.0,120.6908
2026-09-04T15:13:10.115323,sensor/Current frequency,0.0,248.7443
2026-09-04T15:13:10.167986,sensor/Current frequency,0.0,61.27861
2026-09-04T15:13:10.227399,sensor/Current frequency,0.0,215.9974
2026-09-04T15:13:10.277790,sensor/Current frequency,0.0,132.4964
2026-09-04T15:13:10.333367,sensor/Current frequency,0.0,153.2623
2026-09-04T15:13:10.394415,sensor/Current frequency,0.0,416.146
2026-09-04T15:13:10.436208,sensor/Current frequency,0.0,58.18291
2026-09-04T15:13:10.496960,sensor/Current frequency,0.0,72.02432
2026-09-04T15:13:10.547465,sensor/Current frequency,0.0,214.1702
2026-09-04T15:13:10.608760,sensor/Current frequency,0.0,187.6948
2026-09-04T15:13:10.647414,sensor/Current frequency,0.0,67.25317
2026-09-04T15:13:10.711143,sensor/Current frequency,0.0,162.5858
2026-09-04T15:13:10.754491,sensor/Current frequency,0.0,84.66474
2026-09-04T15:13:10.808228,sensor/Current frequency,0.0,92.80698
2026-09-04T15:13:10.863539,sensor/Current frequency,0.0,67.53607
2026-09-04T15:13:10.914840,sensor/Current frequency,0.0,214.2348
2026-09-04T15:13:10.967105,sensor/Current frequency,0.0,85.51077
2026-09-04T15:13:11.019940,sensor/Current frequency,0.0,720.3459
2026-09-04T15:13:11.079087,sensor/Current frequency,0.0,83.24856
2026-09-04T15:13:11.124025,sensor/Current frequency,0.0,85.65382
2026-09-04T15:13:11.192668,sensor/Current frequency,0.0,1140.908
2026-09-04T15:13:11.234807,sensor/Current frequency,0.0,88.11195
2026-09-04T15:13:11.288542,sensor/Current frequency,0.0,154.8136
2026-09-04T15:13:11.340926,sensor/Current frequency,0.0,141.6372
2026-09-04T15:13:11.397453,sensor/Current frequency,0.0,78.16678
2026-09-04T15:13:11.456710,sensor/Current frequency,0.0,687.806
2026-09-04T15:13:11.495812,sensor/Current frequency,0.0,74.2351
2026-09-04T15:13:11.561024,sensor/Current frequency,0.0,584.3738
2026-09-04T15:13:11.604085,sensor/Current frequency,0.0,317.0495
2026-09-04T15:13:11.664122,sensor/Current frequency,0.0,68.27417
2026-09-04T15:13:11.710237,sensor/Current frequency,0.0,313.9144
2026-09-04T15:13:11.771662,sensor/Current frequency,0.0,72.52844
2026-09-04T15:13:11.819392,sensor/Current frequency,0.0,80.0547
2026-09-04T15:13:11.872058,sensor/Current frequency,0.0,123.3804
2026-09-04T15:13:11.919123,sensor/Current frequency,0.0,65.59407
2026-09-04T15:13:11.974431,sensor/Current frequency,0.0,66.89655
2026-09-04T15:13:12.033788,sensor/Current frequency,0.0,74.03901
2026-09-04T15:13:12.081415,sensor/Current frequency,0.0,62.21344
2026-09-04T15:13:12.143473,sensor/Current frequency,0.0,58.08905
2026-09-04T15:13:12.187721,sensor/Current frequency,0.0,148.5164
2026-09-04T15:13:12.242699,sensor/Current frequency,0.0,172.8054
2026-09-04T15:13:12.310546,sensor/Current frequency,0.0,145.9588
2026-09-04T15:13:12.343570,sensor/Current frequency,0.006052,133.5918
2026-09-04T15:13:12.401078,sensor/Current frequency,0.00789,85.29649
2026-09-04T15:13:12.451235,sensor/Current frequency,0.010621,114.6558
2026-09-04T15:13:12.502148,sensor/Current frequency,0.011991,98.8093
2026-09-04T15:13:12.565370,sensor/Current frequency,0.0142,207.9511
2026-09-04T15:13:12.625713,sensor/Current frequency,0.015904,511.9107
2026-09-04T15:13:12.667978,sensor/Current frequency,0.016732,132.7862
2026-09-04T15:13:12.721899,sensor/Current frequency,0.0,89.28639
2026-09-04T15:13:12.772039,sensor/Current frequency,0.0,73.58735
2026-09-04T15:13:12.827676,sensor/Current frequency,0.0,85.90937
2026-09-04T15:13:12.874660,sensor/Current frequency,0.0,78.31979
2026-09-04T15:13:12.937614,sensor/Current frequency,0.0,74.34344
2026-09-04T15:13:12.992080,sensor/Current frequency,0.0,314.8845
2026-09-04T15:13:13.037362,sensor/Current frequency,0.0,452.4797
2026-09-04T15:13:13.096421,sensor/Current frequency,0.0,500.4116
2026-09-04T15:13:13.147309,sensor/Current frequency,0.0,430.449
2026-09-04T15:13:13.200155,sensor/Current frequency,0.0,78.96913
2026-09-04T15:13:13.250484,sensor/Current frequency,0.0,86.19735
2026-09-04T15:13:13.301251,sensor/Current frequency,0.0,207.7076
2026-09-04T15:13:13.359629,sensor/Current frequency,0.0,118.4726
2026-09-04T15:13:13.410042,sensor/Current frequency,0.0,71.1633
2026-09-04T15:13:13.468853,sensor/Current frequency,0.0,216.4006
2026-09-04T15:13:13.515386,sensor/Current frequency,0.0,649.122
2026-09-04T15:13:13.571900,sensor/Current frequency,0.0,87.25976
2026-09-04T15:13:13.621498,sensor/Current frequency,0.0,82.36438
2026-09-04T15:13:13.693132,sensor/Current frequency,0.006299,86.86065
2026-09-04T15:13:13.726698,sensor/Current frequency,0.009307,597.52
2026-09-04T15:13:13.808362,sensor/Current frequency,0.010764,73.31413
2026-09-04T15:13:13.833111,sensor/Current frequency,0.013045,76.23067
2026-09-04T15:13:13.917717,sensor/Current frequency,0.014903,81.25858
2026-09-04T15:13:13.947619,sensor/Current frequency,0.01554,85.53302
2026-09-04T15:13:14.012910,sensor/Current frequency,0.016657,70.03378
2026-09-04T15:13:14.049837,sensor/Current frequency,0.01715,81.38699
2026-09-04T15:13:14.104291,sensor/Current frequency,0.018186,81.27547
2026-09-04T15:13:14.156343,sensor/Current frequency,0.018649,189.3575
2026-09-04T15:13:14.203510,sensor/Current frequency,0.020577,1449.64
2026-09-04T15:13:14.259207,sensor/Current frequency,0.021432,129.8636
2026-09-04T15:13:14.310675,sensor/Current frequency,0.021678,78.6694
2026-09-04T15:13:14.367517,sensor/Current frequency,0.021999,72.02548
2026-09-04T15:13:14.430814,sensor/Current frequency,0.022211,72.25037
2026-09-04T15:13:14.489592,sensor/Current frequency,0.02234,63.68274
2026-09-04T15:13:14.526914,sensor/Current frequency,0.0,62.83775
2026-09-04T15:13:14.578203,sensor/Current frequency,0.0,67.45162
2026-09-04T15:13:14.633521,sensor/Current frequency,0.0,87.11895
2026-09-04T15:13:14.692423,sensor/Current frequency,0.0,83.13055
2026-09-04T15:13:14.735345,sensor/Current frequency,0.0,191.5067
2026-09-04T15:13:14.797260,sensor/Current frequency,0.0,192.7107
2026-09-04T15:13:14.842564,sensor/Current frequency,0.0,218.6212
2026-09-04T15:13:14.901492,sensor/Current frequency,0.0,74.09856
2026-09-04T15:13:14.959806,sensor/Current frequency,0.0,69.54004
2026-09-04T15:13:15.023512,sensor/Current frequency,0.0,743.5721
2026-09-04T15:13:15.083861,sensor/Current frequency,0.0,199.9469
2026-09-04T15:13:15.107924,sensor/Current frequency,0.0,105.5682
2026-09-04T15:13:15.164512,sensor/Current frequency,0.0,85.00841
2026-09-04T15:13:15.211071,sensor/Current frequency,0.0,90.33502
2026-09-04T15:13:15.262995,sensor/Current frequency,0.006299,98.02335
2026-09-04T15:13:15.319033,sensor/Current frequency,0.0,198.1238
2026-09-04T15:13:15.369266,sensor/Current frequency,0.0,78.67361
2026-09-04T15:13:15.426559,sensor/Current frequency,0.0,526.2761
2026-09-04T15:13:15.483912,sensor/Current frequency,0.0,63.06934
2026-09-04T15:13:15.528467,sensor/Current frequency,0.0,347.6522
2026-09-04T15:13:15.587255,sensor/Current frequency,0.0,450.4594
2026-09-04T15:13:15.635015,sensor/Current frequency,0.0,221.6368
2026-09-04T15:13:15.691339,sensor/Current frequency,0.007308,87.14793
2026-09-04T15:13:15.739741,sensor/Current frequency,0.010539,68.48724
2026-09-04T15:13:15.796281,sensor/Current frequency,0.012423,113.6296
2026-09-04T15:13:15.855061,sensor/Current frequency,0.014314,198.8554
2026-09-04T15:13:15.903747,sensor/Current frequency,0.015208,116.1425
2026-09-04T15:13:15.960035,sensor/Current frequency,0.017591,99.56839
2026-09-04T15:13:16.007333,sensor/Current frequency,0.019442,145.361
2026-09-04T15:13:16.065314,sensor/Current frequency,0.020197,176.57
2026-09-04T15:13:16.113885,sensor/Current frequency,0.021187,128.3069
2026-09-04T15:13:16.167380,sensor/Current frequency,0.021589,128.137
2026-09-04T15:13:16.227759,sensor/Current frequency,0.021846,144.001
2026-09-04T15:13:16.274997,sensor/Current frequency,0.022412,187.9513
2026-09-04T15:13:16.382071,sensor/Current frequency,0.0226,106.1876
2026-09-04T15:13:16.388757,sensor/Current frequency,0.023834,144.7613
2026-09-04T15:13:16.438408,sensor/Current frequency,0.024541,138.691
2026-09-04T15:13:16.484779,sensor/Current frequency,0.025223,96.30531
2026-09-04T15:13:16.540729,sensor/Current frequency,0.025642,512.9957
2026-09-04T15:13:16.593560,sensor/Current frequency,0.02601,138.2461
2026-09-04T15:13:16.649620,sensor/Current frequency,0.02617,121.2261
2026-09-04T15:13:16.700484,sensor/Current frequency,0.026215,358.8152
2026-09-04T15:13:16.757100,sensor/Current frequency,0.026691,109.5718
2026-09-04T15:13:16.814783,sensor/Current frequency,0.026952,81.627
2026-09-04T15:13:16.859522,sensor/Current frequency,0.027014,137.1464
2026-09-04T15:13:16.913105,sensor/Current frequency,0.02768,63.78708
2026-09-04T15:13:16.966499,sensor/Current frequency,0.027924,351.319
2026-09-04T15:13:17.025880,sensor/Current frequency,0.028582,120.0496
2026-09-04T15:13:17.084018,sensor/Current frequency,0.028956,368.6744
2026-09-04T15:13:17.124922,sensor/Current frequency,0.029284,358.2133
2026-09-04T15:13:17.177833,sensor/Current frequency,0.029572,173.1278
2026-09-04T15:13:17.234967,sensor/Current frequency,0.029812,155.4634
2026-09-04T15:13:17.292360,sensor/Current frequency,0.030603,182.2834
2026-09-04T15:13:17.340311,sensor/Current frequency,0.03208,142.7073
2026-09-04T15:13:17.396234,sensor/Current frequency,0.032605,137.8538
2026-09-04T15:13:17.444966,sensor/Current frequency,0.03342,183.0043
2026-09-04T15:13:17.497936,sensor/Current frequency,0.033589,138.9511
2026-09-04T15:13:17.559721,sensor/Current frequency,0.034201,128.626
2026-09-04T15:13:17.604056,sensor/Current frequency,0.034272,242.9096
2026-09-04T15:13:17.666421,sensor/Current frequency,0.034261,404.7545
2026-09-04T15:13:17.710845,sensor/Current frequency,0.033803,197.9832
2026-09-04T15:13:17.767030,sensor/Current frequency,0.033453,361.0883
2026-09-04T15:13:17.826880,sensor/Current frequency,0.033249,266.8325
2026-09-04T15:13:17.886236,sensor/Current frequency,0.032609,108.0755
2026-09-04T15:13:17.921268,sensor/Current frequency,0.032354,86.57959
2026-09-04T15:13:17.973562,sensor/Current frequency,0.032113,185.2053
2026-09-04T15:13:18.033007,sensor/Current frequency,0.03207,86.16004
2026-09-04T15:13:18.083530,sensor/Current frequency,0.032079,302.5473
2026-09-04T15:13:18.143158,sensor/Current frequency,0.031623,307.9345
2026-09-04T15:13:18.187574,sensor/Current frequency,0.031653,107.9153
2026-09-04T15:13:18.244981,sensor/Current frequency,0.03142,91.65486
2026-09-04T15:13:18.291474,sensor/Current frequency,0.031363,90.56411
2026-09-04T15:13:18.351652,sensor/Current frequency,0.031066,251.8261
2026-09-04T15:13:18.398989,sensor/Current frequency,0.031128,173.4585
2026-09-04T15:13:18.454786,sensor/Current frequency,0.031036,174.7371
2026-09-04T15:13:18.506416,sensor/Current frequency,0.030676,193.0525
2026-09-04T15:13:18.560245,sensor/Current frequency,0.030606,161.3087
2026-09-04T15:13:18.618245,sensor/Current frequency,0.030574,186.0125
2026-09-04T15:13:18.663995,sensor/Current frequency,0.030496,102.9591
2026-09-04T15:13:18.723006,sensor/Current frequency,0.030584,83.85971
2026-09-04T15:13:18.769283,sensor/Current frequency,0.030455,184.7509
2026-09-04T15:13:18.829127,sensor/Current frequency,0.030288,182.5812
2026-09-04T15:13:18.876885,sensor/Current frequency,0.030185,132.3109
2026-09-04T15:13:18.929377,sensor/Current frequency,0.030541,145.5525
2026-09-04T15:13:18.991116,sensor/Current frequency,0.030527,139.1115
2026-09-04T15:13:19.035566,sensor/Current frequency,0.030348,118.692
2026-09-04T15:13:19.095031,sensor/Current frequency,0.029998,182.4384
2026-09-04T15:13:19.145621,sensor/Current frequency,0.029909,149.0515
2026-09-04T15:13:19.200011,sensor/Current frequency,0.0297,151.7126
2026-09-04T15:13:19.250339,sensor/Current frequency,0.029831,105.5383
2026-09-04T15:13:19.303550,sensor/Current frequency,0.030274,132.0176
2026-09-04T15:13:19.355503,sensor/Current frequency,0.030908,131.0169
2026-09-04T15:13:19.408568,sensor/Current frequency,0.031122,133.439
2026-09-04T15:13:19.465267,sensor/Current frequency,0.031323,140.0535
2026-09-04T15:13:19.518210,sensor/Current frequency,0.03127,122.8888
2026-09-04T15:13:19.575469,sensor/Current frequency,0.030875,132.6536
2026-09-04T15:13:19.629329,sensor/Current frequency,0.03048,201.2961
2026-09-04T15:13:19.678799,sensor/Current frequency,0.030418,142.5538
2026-09-04T15:13:19.734119,sensor/Current frequency,0.0304,149.7477
2026-09-04T15:13:19.792633,sensor/Current frequency,0.030393,126.6313
2026-09-04T15:13:19.835557,sensor/Current frequency,0.03033,152.6522
2026-09-04T15:13:19.888305,sensor/Current frequency,0.029882,135.7939
2026-09-04T15:13:19.952783,sensor/Current frequency,0.02985,150.2519
2026-09-04T15:13:19.995518,sensor/Current frequency,0.029989,130.0512
2026-09-04T15:13:20.055277,sensor/Current frequency,0.029901,156.9186
2026-09-04T15:13:20.116314,sensor/Current frequency,0.02959,130.2163
2026-09-04T15:13:20.157441,sensor/Current frequency,0.029675,140.7188
2026-09-04T15:13:20.218580,sensor/Current frequency,0.029381,153.0833
2026-09-04T15:13:20.262473,sensor/Current frequency,0.029519,131.5858
2026-09-04T15:13:20.324454,sensor/Current frequency,0.029608,145.6086
2026-09-04T15:13:20.367313,sensor/Current frequency,0.029315,139.593
2026-09-04T15:13:20.427894,sensor/Current frequency,0.02905,154.4154
2026-09-04T15:13:20.474719,sensor/Current frequency,0.028867,155.0466
2026-09-04T15:13:20.530204,sensor/Current frequency,0.028488,155.9258
2026-09-04T15:13:20.581316,sensor/Current frequency,0.028526,181.4204
2026-09-04T15:13:20.632232,sensor/Current frequency,0.02833,178.9221
2026-09-04T15:13:20.683562,sensor/Current frequency,0.028322,188.7087
2026-09-04T15:13:20.738709,sensor/Current frequency,0.028412,186.5927
2026-09-04T15:13:20.791143,sensor/Current frequency,0.028501,110.6427
2026-09-04T15:13:20.848427,sensor/Current frequency,0.028538,68.338
2026-09-04T15:13:20.906026,sensor/Current frequency,0.028185,164.2534
2026-09-04T15:13:20.955842,sensor/Current frequency,0.028075,161.8158
2026-09-04T15:13:21.009047,sensor/Current frequency,0.028139,167.1642
2026-09-04T15:13:21.074708,sensor/Current frequency,0.028082,163.8684
2026-09-04T15:13:21.115186,sensor/Current frequency,0.027923,90.68207
2026-09-04T15:13:21.168023,sensor/Current frequency,0.027736,162.7549
2026-09-04T15:13:21.219049,sensor/Current frequency,0.0,62.30535
2026-09-04T15:13:21.282041,sensor/Current frequency,0.0,87.3468
2026-09-04T15:13:21.323470,sensor/Current frequency,0.0,123.696
2026-09-04T15:13:21.387599,sensor/Current frequency,0.0,231.5579
2026-09-04T15:13:21.448537,sensor/Current frequency,0.0,100.0494
2026-09-04T15:13:21.491299,sensor/Current frequency,0.0,156.0115
2026-09-04T15:13:21.539608,sensor/Current frequency,0.0,73.36147
2026-09-04T15:13:21.591222,sensor/Current frequency,0.0,83.58676
2026-09-04T15:13:21.651246,sensor/Current frequency,0.0,83.78718
2026-09-04T15:13:21.699012,sensor/Current frequency,0.0,361.5881
2026-09-04T15:13:21.757768,sensor/Current frequency,0.0,72.59706
2026-09-04T15:13:21.812611,sensor/Current frequency,0.0,64.67534
2026-09-04T15:13:21.863382,sensor/Current frequency,0.0,103.739
2026-09-04T15:13:21.908044,sensor/Current frequency,0.0,72.98885
2026-09-04T15:13:21.963107,sensor/Current frequency,0.0,80.15266
2026-09-04T15:13:22.016819,sensor/Current frequency,0.008638,457.1998
2026-09-04T15:13:22.067203,sensor/Current frequency,0.010659,85.83183
2026-09-04T15:13:22.122504,sensor/Current frequency,0.013189,65.50523
2026-09-04T15:13:22.178608,sensor/Current frequency,0.014909,92.56226
2026-09-04T15:13:22.230263,sensor/Current frequency,0.015742,162.1377
2026-09-04T15:13:22.282853,sensor/Current frequency,0.017524,121.7271
2026-09-04T15:13:22.337002,sensor/Current frequency,0.018372,62.18558
2026-09-04T15:13:22.390243,sensor/Current frequency,0.019384,81.52381
2026-09-04T15:13:22.444456,sensor/Current frequency,0.019838,162.2546
2026-09-04T15:13:22.494120,sensor/Current frequency,0.020647,61.67691
2026-09-04T15:13:22.548466,sensor/Current frequency,0.021782,1050.653
2026-09-04T15:13:22.611619,sensor/Current frequency,0.022487,555.9639
2026-09-04T15:13:22.660632,sensor/Current frequency,0.023287,1050.4
2026-09-04T15:13:22.714925,sensor/Current frequency,0.023684,561.0216
2026-09-04T15:13:22.759143,sensor/Current frequency,0.02391,73.76225
2026-09-04T15:13:22.818600,sensor/Current frequency,0.024113,75.34577
2026-09-04T15:13:22.868463,sensor/Current frequency,0.024016,247.6927
2026-09-04T15:13:22.920439,sensor/Current frequency,0.02415,85.7812
2026-09-04T15:13:22.986449,sensor/Current frequency,0.024115,215.8891
2026-09-04T15:13:23.028375,sensor/Current frequency,0.024596,1359.956
2026-09-04T15:13:23.086249,sensor/Current frequency,0.024787,81.50282
2026-09-04T15:13:23.135155,sensor/Current frequency,0.0,285.6791
2026-09-04T15:13:23.195295,sensor/Current frequency,0.0,76.33101
2026-09-04T15:13:23.260306,sensor/Current frequency,0.0,91.22842
2026-09-04T15:13:23.297444,sensor/Current frequency,0.0,75.51927
2026-09-04T15:13:23.350594,sensor/Current frequency,0.0,74.2665
2026-09-04T15:13:23.397448,sensor/Current frequency,0.0,171.4894
2026-09-04T15:13:23.454010,sensor/Current frequency,0.0,372.3105
2026-09-04T15:13:23.506561,sensor/Current frequency,0.0,157.3339
2026-09-04T15:13:23.568071,sensor/Current frequency,0.0,64.41766
2026-09-04T15:13:23.612086,sensor/Current frequency,0.0,248.18
2026-09-04T15:13:23.670511,sensor/Current frequency,0.0,343.0811
2026-09-04T15:13:23.717619,sensor/Current frequency,0.00862,76.53425
2026-09-04T15:13:23.772850,sensor/Current frequency,0.011657,78.33595
2026-09-04T15:13:23.823881,sensor/Current frequency,0.014008,1131.235
2026-09-04T15:13:23.883474,sensor/Current frequency,0.016931,1101.198
2026-09-04T15:13:23.930128,sensor/Current frequency,0.017835,1057.731
2026-09-04T15:13:23.983257,sensor/Current frequency,0.018695,1464.469
2026-09-04T15:13:24.041736,sensor/Current frequency,0.019133,655.6105
2026-09-04T15:13:24.086895,sensor/Current frequency,0.01945,137.9476
2026-09-04T15:13:24.151205,sensor/Current frequency,0.020318,84.05994
2026-09-04T15:13:24.193558,sensor/Current frequency,0.020336,202.0332
2026-09-04T15:13:24.251418,sensor/Current frequency,0.021427,74.0295
2026-09-04T15:13:24.302334,sensor/Current frequency,0.022044,87.78032
2026-09-04T15:13:24.353273,sensor/Current frequency,0.022046,55.64721
2026-09-04T15:13:24.414693,sensor/Current frequency,0.022452,72.87037
2026-09-04T15:13:24.460850,sensor/Current frequency,0.022705,90.05692
2026-09-04T15:13:24.522489,sensor/Current frequency,0.023037,92.02891
2026-09-04T15:13:24.564493,sensor/Current frequency,0.023205,81.16025
2026-09-04T15:13:24.625302,sensor/Current frequency,0.0,61.13804
2026-09-04T15:13:24.668380,sensor/Current frequency,0.0,234.1591
2026-09-04T15:13:24.730456,sensor/Current frequency,0.0,64.02114
2026-09-04T15:13:24.775018,sensor/Current frequency,0.0,141.5639
2026-09-04T15:13:24.830283,sensor/Current frequency,0.0,85.80332
2026-09-04T15:13:24.885638,sensor/Current frequency,0.0,162.2084
2026-09-04T15:13:24.935570,sensor/Current frequency,0.0,88.05559
2026-09-04T15:13:24.990789,sensor/Current frequency,0.021608,1948.39
2026-09-04T15:13:25.047129,sensor/Current frequency,0.031169,2004.688
2026-09-04T15:13:25.100376,sensor/Current frequency,0.042494,2003.36
2026-09-04T15:13:25.152921,sensor/Current frequency,0.046814,2003.979
2026-09-04T15:13:25.204825,sensor/Current frequency,0.054569,2002.994
2026-09-04T15:13:25.256387,sensor/Current frequency,0.058503,2010.054
2026-09-04T15:13:25.309506,sensor/Current frequency,0.057713,2011.741
2026-09-04T15:13:25.374735,sensor/Current frequency,0.055795,2005.936
2026-09-04T15:13:25.415248,sensor/Current frequency,0.054773,1998.896
2026-09-04T15:13:25.475789,sensor/Current frequency,0.052744,90.11175
2026-09-04T15:13:25.523257,sensor/Current frequency,0.051586,2000.251
2026-09-04T15:13:25.582046,sensor/Current frequency,0.049695,69.50467
2026-09-04T15:13:25.626307,sensor/Current frequency,0.048688,84.22029
2026-09-04T15:13:25.685698,sensor/Current frequency,0.046863,153.4076
2026-09-04T15:13:25.759661,sensor/Current frequency,0.045249,72.19749
2026-09-04T15:13:25.789113,sensor/Current frequency,0.0,166.8274
2026-09-04T15:13:25.849838,sensor/Current frequency,0.0,79.03252
2026-09-04T15:13:25.894103,sensor/Current frequency,0.0,78.23429
2026-09-04T15:13:25.954682,sensor/Current frequency,0.0,74.8819
2026-09-04T15:13:25.999921,sensor/Current frequency,0.024269,1990.946
2026-09-04T15:13:26.056307,sensor/Current frequency,0.033664,2003.188
2026-09-04T15:13:26.103255,sensor/Current frequency,0.043701,2003.995
2026-09-04T15:13:26.158528,sensor/Current frequency,0.049944,2003.439
2026-09-04T15:13:26.213588,sensor/Current frequency,0.052944,2003.517
2026-09-04T15:13:26.263967,sensor/Current frequency,0.055866,2002.064
2026-09-04T15:13:26.320711,sensor/Current frequency,0.05512,2004.853
2026-09-04T15:13:26.371208,sensor/Current frequency,0.05318,1999.298
2026-09-04T15:13:26.423239,sensor/Current frequency,0.051309,2002.298
2026-09-04T15:13:26.480612,sensor/Current frequency,0.050344,2005.638
2026-09-04T15:13:26.534940,sensor/Current frequency,0.048539,74.18336
2026-09-04T15:13:26.587835,sensor/Current frequency,0.046942,91.35647
2026-09-04T15:13:26.640311,sensor/Current frequency,0.0,272.013
2026-09-04T15:13:26.704406,sensor/Current frequency,0.0,70.93678
2026-09-04T15:13:26.747260,sensor/Current frequency,0.0,66.90701
2026-09-04T15:13:26.808771,sensor/Current frequency,0.0,70.42338
2026-09-04T15:13:26.852629,sensor/Current frequency,0.0,69.45025
2026-09-04T15:13:26.913423,sensor/Current frequency,0.0,75.52345
2026-09-04T15:13:26.964228,sensor/Current frequency,0.0,178.0726
2026-09-04T15:13:27.013892,sensor/Current frequency,0.031747,2003.759
2026-09-04T15:13:27.064538,sensor/Current frequency,0.03866,2002.865
2026-09-04T15:13:27.120207,sensor/Current frequency,0.048306,2003.353
2026-09-04T15:13:27.179401,sensor/Current frequency,0.052128,2003.114
2026-09-04T15:13:27.225912,sensor/Current frequency,0.057959,2003.283
2026-09-04T15:13:27.285937,sensor/Current frequency,0.059057,2009.93
2026-09-04T15:13:27.331972,sensor/Current frequency,0.058221,1999.941
2026-09-04T15:13:27.388820,sensor/Current frequency,0.056081,2001.489
2026-09-04T15:13:27.441571,sensor/Current frequency,0.054967,2002.255
2026-09-04T15:13:27.492534,sensor/Current frequency,0.0,66.61494
2026-09-04T15:13:27.543521,sensor/Current frequency,0.0,220.542
2026-09-04T15:13:27.599100,sensor/Current frequency,0.0,92.19901
2026-09-04T15:13:27.651055,sensor/Current frequency,0.0,93.71703
2026-09-04T15:13:27.703093,sensor/Current frequency,0.0,141.248
2026-09-04T15:13:27.764310,sensor/Current frequency,0.0,82.20087
2026-09-04T15:13:27.812744,sensor/Current frequency,0.0,166.8104
2026-09-04T15:13:27.868567,sensor/Current frequency,0.0,72.28614
2026-09-04T15:13:27.944456,sensor/Current frequency,0.0,87.42229
2026-09-04T15:13:27.977490,sensor/Current frequency,0.0,77.17334
2026-09-04T15:13:28.033463,sensor/Current frequency,0.022166,1989.406
2026-09-04T15:13:28.079283,sensor/Current frequency,0.036253,2002.983
2026-09-04T15:13:28.142237,sensor/Current frequency,0.04075,2003.49
2026-09-04T15:13:28.183163,sensor/Current frequency,0.048972,2003.283
2026-09-04T15:13:28.245544,sensor/Current frequency,0.055962,2003.057
2026-09-04T15:13:28.291293,sensor/Current frequency,0.05535,2002.725
2026-09-04T15:13:28.346788,sensor/Current frequency,0.05353,2002.812
2026-09-04T15:13:28.405241,sensor/Current frequency,0.051755,2004.083
2026-09-04T15:13:28.451925,sensor/Current frequency,0.050866,2001.895
2026-09-04T15:13:28.517274,sensor/Current frequency,0.048936,71.35886
2026-09-04T15:13:28.560591,sensor/Current frequency,0.048048,152.3208
2026-09-04T15:13:28.614717,sensor/Current frequency,0.046227,266.7355
2026-09-04T15:13:28.666482,sensor/Current frequency,0.045427,1451.684
2026-09-04T15:13:28.719056,sensor/Current frequency,0.0,70.19545
2026-09-04T15:13:28.770956,sensor/Current frequency,0.0,359.5355
2026-09-04T15:13:28.899716,sensor/Current frequency,0.0,121.7558
2026-09-04T15:13:28.919466,sensor/Current frequency,0.0,79.84872
2026-09-04T15:13:29.021391,sensor/Current frequency,0.0,94.69868
2026-09-04T15:13:29.130038,sensor/Current frequency,0.0,244.5051
2026-09-04T15:13:29.133836,sensor/Current frequency,0.0,180.1004
2026-09-04T15:13:29.134391,sensor/Current frequency,0.006536,81.65873
2026-09-04T15:13:29.169973,sensor/Current frequency,0.011566,65.4517
2026-09-04T15:13:29.230799,sensor/Current frequency,0.013516,170.1108
2026-09-04T15:13:29.302073,sensor/Current frequency,0.015076,76.54382
2026-09-04T15:13:29.369869,sensor/Current frequency,0.015795,61.89165
2026-09-04T15:13:29.381709,sensor/Current frequency,0.016608,94.46037
2026-09-04T15:13:29.436252,sensor/Current frequency,0.0,88.94947
2026-09-04T15:13:29.490600,sensor/Current frequency,0.0,69.16038
2026-09-04T15:13:29.542361,sensor/Current frequency,0.0,84.0252
2026-09-04T15:13:29.595998,sensor/Current frequency,0.0,71.23347
2026-09-04T15:13:29.649765,sensor/Current frequency,0.0,84.70562
2026-09-04T15:13:29.705605,sensor/Current frequency,0.0,215.7147
2026-09-04T15:13:29.756976,sensor/Current frequency,0.0,201.8546
2026-09-04T15:13:29.815928,sensor/Current frequency,0.0,333.4981
2026-09-04T15:13:29.860037,sensor/Current frequency,0.0,178.0313
2026-09-04T15:13:29.916368,sensor/Current frequency,0.0,85.02939
2026-09-04T15:13:29.966076,sensor/Current frequency,0.0,156.239
2026-09-04T15:13:30.019586,sensor/Current frequency,0.0,76.65688
2026-09-04T15:13:30.091677,sensor/Current frequency,0.0,77.62212
2026-09-04T15:13:30.126155,sensor/Current frequency,0.0,60.19235
2026-09-04T15:13:30.189373,sensor/Current frequency,0.0,85.19429
2026-09-04T15:13:30.234444,sensor/Current frequency,0.0,71.30135
2026-09-04T15:13:30.288672,sensor/Current frequency,0.0,137.1738
2026-09-04T15:13:30.338159,sensor/Current frequency,0.0,77.90771
2026-09-04T15:13:30.394130,sensor/Current frequency,0.0,702.0341
2026-09-04T15:13:30.452214,sensor/Current frequency,0.0,85.43524
2026-09-04T15:13:30.535192,sensor/Current frequency,0.0,66.46757
2026-09-04T15:13:30.559241,sensor/Current frequency,0.0,90.05922
2026-09-04T15:13:30.604379,sensor/Current frequency,0.0,155.8351
2026-09-04T15:13:30.663945,sensor/Current frequency,0.0,62.29169
2026-09-04T15:13:30.715740,sensor/Current frequency,0.0,73.02859
2026-09-04T15:13:30.769200,sensor/Current frequency,0.0,267.6256
2026-09-04T15:13:30.821117,sensor/Current frequency,0.0,69.75848
2026-09-04T15:13:30.876229,sensor/Current frequency,0.0,174.5154
2026-09-04T15:13:30.935768,sensor/Current frequency,0.0,186.2473
2026-09-04T15:13:30.979477,sensor/Current frequency,0.0,58.78751
2026-09-04T15:13:31.036940,sensor/Current frequency,0.0,77.595
2026-09-04T15:13:31.088414,sensor/Current frequency,0.0,72.87975
2026-09-04T15:13:31.147698,sensor/Current frequency,0.0,66.84561
2026-09-04T15:13:31.192419,sensor/Current frequency,0.0,144.7947
2026-09-04T15:13:31.248516,sensor/Current frequency,0.0,167.5852
2026-09-04T15:13:31.324659,sensor/Current frequency,0.0,312.8651
2026-09-04T15:13:31.360987,sensor/Current frequency,0.0,191.2072
2026-09-04T15:13:31.411084,sensor/Current frequency,0.0,63.94793
2026-09-04T15:13:31.490633,sensor/Current frequency,0.0,78.88332
2026-09-04T15:13:31.519491,sensor/Current frequency,0.0,66.99097
2026-09-04T15:13:31.563044,sensor/Current frequency,0.0,62.39074
2026-09-04T15:13:31.619051,sensor/Current frequency,0.0,71.47297
2026-09-04T15:13:31.668387,sensor/Current frequency,0.0,78.36205
2026-09-04T15:13:31.724390,sensor/Current frequency,0.0,409.8247
2026-09-04T15:13:31.784397,sensor/Current frequency,0.0,83.05495
2026-09-04T15:13:31.835528,sensor/Current frequency,0.0,83.78387
2026-09-04T15:13:31.886413,sensor/Current frequency,0.0,250.1447
2026-09-04T15:13:31.932180,sensor/Current frequency,0.0,81.38851
2026-09-04T15:13:31.993221,sensor/Current frequency,0.0,76.53153
2026-09-04T15:13:32.039264,sensor/Current frequency,0.0,73.71899
2026-09-04T15:13:32.099988,sensor/Current frequency,0.0,99.64864
2026-09-04T15:13:32.146915,sensor/Current frequency,0.0,78.2187
2026-09-04T15:13:32.199257,sensor/Current frequency,0.0,72.12807
2026-09-04T15:13:32.251826,sensor/Current frequency,0.0,71.73048
2026-09-04T15:13:32.305853,sensor/Current frequency,0.0,84.74695
2026-09-04T15:13:32.357400,sensor/Current frequency,0.0,73.08286
2026-09-04T15:13:32.411915,sensor/Current frequency,0.0,147.4146
2026-09-04T15:13:32.465449,sensor/Current frequency,0.0,79.95497
2026-09-04T15:13:32.522457,sensor/Current frequency,0.0,97.4129
2026-09-04T15:13:32.581425,sensor/Current frequency,0.0,69.55131
2026-09-04T15:13:32.624787,sensor/Current frequency,0.0,155.2892
2026-09-04T15:13:32.682881,sensor/Current frequency,0.0,76.76319
2026-09-04T15:13:32.731136,sensor/Current frequency,0.0,66.12282
2026-09-04T15:13:32.786649,sensor/Current frequency,0.0,69.87702
2026-09-04T15:13:32.844965,sensor/Current frequency,0.0,93.09439
2026-09-04T15:13:32.888223,sensor/Current frequency,0.0,67.91145
2026-09-04T15:13:32.947003,sensor/Current frequency,0.0,65.9749
2026-09-04T15:13:32.997849,sensor/Current frequency,0.0,62.48167
2026-09-04T15:13:33.052364,sensor/Current frequency,0.0,91.37021
2026-09-04T15:13:33.103158,sensor/Current frequency,0.007203,457.2435
2026-09-04T15:13:33.155161,sensor/Current frequency,0.01126,655.9312
2026-09-04T15:13:33.214898,sensor/Current frequency,0.013194,493.0068
2026-09-04T15:13:33.262650,sensor/Current frequency,0.014213,92.06203
2026-09-04T15:13:33.323853,sensor/Current frequency,0.016204,78.18623
2026-09-04T15:13:33.367154,sensor/Current frequency,0.017093,77.08494
2026-09-04T15:13:33.428595,sensor/Current frequency,0.018142,69.6696
2026-09-04T15:13:33.474101,sensor/Current frequency,0.018526,192.4042
2026-09-04T15:13:33.528371,sensor/Current frequency,0.019366,113.6795
2026-09-04T15:13:33.581645,sensor/Current frequency,0.0,64.34646
2026-09-04T15:13:33.635280,sensor/Current frequency,0.0,76.63239
2026-09-04T15:13:33.699379,sensor/Current frequency,0.0,57.61013
2026-09-04T15:13:33.740682,sensor/Current frequency,0.0,74.10175
2026-09-04T15:13:33.803837,sensor/Current frequency,0.0,89.64342
2026-09-04T15:13:33.845398,sensor/Current frequency,0.0,126.849
2026-09-04T15:13:33.905726,sensor/Current frequency,0.0,63.71784
2026-09-04T15:13:33.955860,sensor/Current frequency,0.0,69.97517
2026-09-04T15:13:34.014437,sensor/Current frequency,0.0,147.9533
2026-09-04T15:13:34.059977,sensor/Current frequency,0.0,61.38327
2026-09-04T15:13:34.114999,sensor/Current frequency,0.0,207.3002
2026-09-04T15:13:34.173477,sensor/Current frequency,0.0,95.33691
2026-09-04T15:13:34.219008,sensor/Current frequency,0.0,191.9864
2026-09-04T15:13:34.277540,sensor/Current frequency,0.0,78.20783
2026-09-04T15:13:34.321852,sensor/Current frequency,0.0,72.53431
2026-09-04T15:13:34.383924,sensor/Current frequency,0.0,346.9402
2026-09-04T15:13:34.428315,sensor/Current frequency,0.0,447.1861
2026-09-04T15:13:34.486903,sensor/Current frequency,0.0,80.78465
2026-09-04T15:13:34.537037,sensor/Current frequency,0.0,395.1635
2026-09-04T15:13:34.622938,sensor/Current frequency,0.0,85.81314
2026-09-04T15:13:34.647615,sensor/Current frequency,0.0,161.0941
2026-09-04T15:13:34.726070,sensor/Current frequency,0.0,74.87058
2026-09-04T15:13:34.754312,sensor/Current frequency,0.0,157.8308
2026-09-04T15:13:34.803012,sensor/Current frequency,0.0,155.7643
2026-09-04T15:13:34.856284,sensor/Current frequency,0.0,61.84357
2026-09-04T15:13:34.908160,sensor/Current frequency,0.0,496.6835
2026-09-04T15:13:34.958992,sensor/Current frequency,0.0,77.25584
2026-09-04T15:13:35.011244,sensor/Current frequency,0.0,122.9805
2026-09-04T15:13:35.064630,sensor/Current frequency,0.0,70.76226
2026-09-04T15:13:35.119504,sensor/Current frequency,0.0,69.87054
2026-09-04T15:13:35.173474,sensor/Current frequency,0.0,161.621
2026-09-04T15:13:35.235507,sensor/Current frequency,0.0,138.7982
2026-09-04T15:13:35.275073,sensor/Current frequency,0.0,335.1852
2026-09-04T15:13:35.341120,sensor/Current frequency,0.0,87.39085
2026-09-04T15:13:35.382960,sensor/Current frequency,0.0,75.40143
2026-09-04T15:13:35.440241,sensor/Current frequency,0.0,65.82816
2026-09-04T15:13:35.506470,sensor/Current frequency,0.0,84.29208
2026-09-04T15:13:35.551042,sensor/Current frequency,0.006536,102.7234
2026-09-04T15:13:35.608092,sensor/Current frequency,0.0,81.76687
2026-09-04T15:13:35.655626,sensor/Current frequency,0.0,238.6481
2026-09-04T15:13:35.713647,sensor/Current frequency,0.0,71.77448
2026-09-04T15:13:35.760537,sensor/Current frequency,0.0,117.7247
2026-09-04T15:13:35.815705,sensor/Current frequency,0.0,62.3666
2026-09-04T15:13:35.997285,sensor/Current frequency,0.0,91.92596
2026-09-04T15:13:35.998369,sensor/Current frequency,0.0,164.4715
2026-09-04T15:13:36.004723,sensor/Current frequency,0.0,67.39137
2026-09-04T15:13:36.027037,sensor/Current frequency,0.005794,104.7276
2026-09-04T15:13:36.086469,sensor/Current frequency,0.010652,1417.135
2026-09-04T15:13:36.133696,sensor/Current frequency,0.012017,225.9779
2026-09-04T15:13:36.188663,sensor/Current frequency,0.01472,177.6283
2026-09-04T15:13:36.236816,sensor/Current frequency,0.015074,104.1263
2026-09-04T15:13:36.290996,sensor/Current frequency,0.016526,116.9039
2026-09-04T15:13:36.343296,sensor/Current frequency,0.0,63.80217
2026-09-04T15:13:36.396596,sensor/Current frequency,0.0,168.691
2026-09-04T15:13:36.452003,sensor/Current frequency,0.0,67.67651
2026-09-04T15:13:36.503403,sensor/Current frequency,0.0,592.0633
2026-09-04T15:13:36.562104,sensor/Current frequency,0.0,330.2837
2026-09-04T15:13:36.609772,sensor/Current frequency,0.0,79.24173
2026-09-04T15:13:36.669106,sensor/Current frequency,0.0,76.02948
2026-09-04T15:13:36.715366,sensor/Current frequency,0.0,68.72911
2026-09-04T15:13:36.773529,sensor/Current frequency,0.0,65.32716
2026-09-04T15:13:36.835665,sensor/Current frequency,0.0,67.14918
2026-09-04T15:13:36.880130,sensor/Current frequency,0.0,456.168
2026-09-04T15:13:36.939456,sensor/Current frequency,0.0,209.2487
2026-09-04T15:13:36.985724,sensor/Current frequency,0.0,247.1728
2026-09-04T15:13:37.040766,sensor/Current frequency,0.006988,114.8461
2026-09-04T15:13:37.091489,sensor/Current frequency,0.010466,77.60929
2026-09-04T15:13:37.147570,sensor/Current frequency,0.011988,95.41441
2026-09-04T15:13:37.193871,sensor/Current frequency,0.01365,242.6319
2026-09-04T15:13:37.248415,sensor/Current frequency,0.014926,80.02832
2026-09-04T15:13:37.308055,sensor/Current frequency,0.016854,115.062
2026-09-04T15:13:37.356515,sensor/Current frequency,0.018268,66.93601
2026-09-04T15:13:37.416054,sensor/Current frequency,0.018806,74.46239
2026-09-04T15:13:37.460128,sensor/Current frequency,0.019698,134.7733
2026-09-04T15:13:37.518440,sensor/Current frequency,0.019825,130.4212
2026-09-04T15:13:37.567080,sensor/Current frequency,0.020501,113.3704
2026-09-04T15:13:37.619638,sensor/Current frequency,0.021159,97.07148
2026-09-04T15:13:37.671659,sensor/Current frequency,0.021704,65.15848
2026-09-04T15:13:37.725852,sensor/Current frequency,0.022284,154.2184
2026-09-04T15:13:37.776893,sensor/Current frequency,0.0,135.4982
2026-09-04T15:13:37.828705,sensor/Current frequency,0.0,55.66132
2026-09-04T15:13:37.883888,sensor/Current frequency,0.0,85.85773
2026-09-04T15:13:37.936788,sensor/Current frequency,0.0,88.39212
2026-09-04T15:13:37.995151,sensor/Current frequency,0.008249,148.48
2026-09-04T15:13:38.048974,sensor/Current frequency,0.009755,167.68
2026-09-04T15:13:38.102798,sensor/Current frequency,0.012052,201.8485
2026-09-04T15:13:38.148762,sensor/Current frequency,0.0136,133.9958
2026-09-04T15:13:38.206590,sensor/Current frequency,0.014571,146.2756
2026-09-04T15:13:38.268524,sensor/Current frequency,0.004941,174.4156
2026-09-04T15:13:38.314961,sensor/Current frequency,0.0069,174.1685
2026-09-04T15:13:38.371977,sensor/Current frequency,0.010131,166.8025
2026-09-04T15:13:38.416749,sensor/Current frequency,0.012694,179.8779
2026-09-04T15:13:38.475325,sensor/Current frequency,0.01355,152.0763
2026-09-04T15:13:38.523682,sensor/Current frequency,0.015794,81.34438
2026-09-04T15:13:38.577616,sensor/Current frequency,0.016356,188.0093
2026-09-04T15:13:38.629407,sensor/Current frequency,0.017514,162.4326
2026-09-04T15:13:38.686432,sensor/Current frequency,0.018414,194.7765
2026-09-04T15:13:38.750942,sensor/Current frequency,0.01886,148.4318
2026-09-04T15:13:38.800727,sensor/Current frequency,0.019818,529.2715
2026-09-04T15:13:38.847792,sensor/Current frequency,0.020541,106.1063
2026-09-04T15:13:38.898605,sensor/Current frequency,0.022151,64.64518
2026-09-04T15:13:38.949915,sensor/Current frequency,0.02276,59.66425
2026-09-04T15:13:39.001815,sensor/Current frequency,0.023965,66.64842
2026-09-04T15:13:39.052406,sensor/Current frequency,0.024692,412.456
2026-09-04T15:13:39.105078,sensor/Current frequency,0.025291,89.91308
2026-09-04T15:13:39.158745,sensor/Current frequency,0.025416,169.684
2026-09-04T15:13:39.211012,sensor/Current frequency,0.025441,228.7234
2026-09-04T15:13:39.289467,sensor/Current frequency,0.025547,168.5767
2026-09-04T15:13:39.339476,sensor/Current frequency,0.026035,97.79315
2026-09-04T15:13:39.395274,sensor/Current frequency,0.026087,85.535
2026-09-04T15:13:39.443010,sensor/Current frequency,0.026236,113.4994
2026-09-04T15:13:39.501526,sensor/Current frequency,0.02622,190.3199
2026-09-04T15:13:39.546253,sensor/Current frequency,0.026141,263.1003
2026-09-04T15:13:39.601011,sensor/Current frequency,0.026464,139.8744
2026-09-04T15:13:39.664373,sensor/Current frequency,0.026723,146.654
2026-09-04T15:13:39.707186,sensor/Current frequency,0.027035,122.6164
2026-09-04T15:13:39.766846,sensor/Current frequency,0.027092,150.667
2026-09-04T15:13:39.813278,sensor/Current frequency,0.027092,154.3554
2026-09-04T15:13:39.884954,sensor/Current frequency,0.027306,226.6997
2026-09-04T15:13:39.920880,sensor/Current frequency,0.027349,88.93025
2026-09-04T15:13:39.975276,sensor/Current frequency,0.027489,107.797
2026-09-04T15:13:40.027629,sensor/Current frequency,0.027244,221.9146
2026-09-04T15:13:40.081820,sensor/Current frequency,0.027389,153.6434
2026-09-04T15:13:40.132948,sensor/Current frequency,0.027142,116.7401
2026-09-04T15:13:40.189378,sensor/Current frequency,0.027025,74.60355
2026-09-04T15:13:40.261649,sensor/Current frequency,0.027026,156.4895
2026-09-04T15:13:40.292705,sensor/Current frequency,0.027253,84.0617
2026-09-04T15:13:40.357102,sensor/Current frequency,0.027391,187.3212
2026-09-04T15:13:40.400092,sensor/Current frequency,0.027526,67.68031
2026-09-04T15:13:40.458638,sensor/Current frequency,0.027943,207.7388
2026-09-04T15:13:40.504029,sensor/Current frequency,0.027957,127.8244
2026-09-04T15:13:40.569717,sensor/Current frequency,0.027968,89.85755
2026-09-04T15:13:40.628088,sensor/Current frequency,0.027982,66.20657
2026-09-04T15:13:40.667303,sensor/Current frequency,0.027827,197.513
2026-09-04T15:13:40.730885,sensor/Current frequency,0.027483,147.6754
2026-09-04T15:13:40.775053,sensor/Current frequency,0.027272,423.666
2026-09-04T15:13:40.833746,sensor/Current frequency,0.027093,217.8421
2026-09-04T15:13:40.880830,sensor/Current frequency,0.02681,188.5547
2026-09-04T15:13:40.932825,sensor/Current frequency,0.026709,180.9252
2026-09-04T15:13:40.995176,sensor/Current frequency,0.026632,196.5656
2026-09-04T15:13:41.040717,sensor/Current frequency,0.026393,116.4263
2026-09-04T15:13:41.103032,sensor/Current frequency,0.026253,1191.347
2026-09-04T15:13:41.143945,sensor/Current frequency,0.02605,302.9244
2026-09-04T15:13:41.207947,sensor/Current frequency,0.025867,259.7033
2026-09-04T15:13:41.253211,sensor/Current frequency,0.026322,522.798
2026-09-04T15:13:41.306991,sensor/Current frequency,0.026386,94.31293
2026-09-04T15:13:41.357488,sensor/Current frequency,0.026363,212.2512
2026-09-04T15:13:41.409707,sensor/Current frequency,0.026319,78.3155
2026-09-04T15:13:41.462078,sensor/Current frequency,0.026299,189.7326
2026-09-04T15:13:41.518103,sensor/Current frequency,0.0,67.08452
2026-09-04T15:13:41.569483,sensor/Current frequency,0.0,178.9899
2026-09-04T15:13:41.622350,sensor/Current frequency,0.0,237.0103
2026-09-04T15:13:41.679428,sensor/Current frequency,0.0,195.8397
2026-09-04T15:13:41.729898,sensor/Current frequency,0.0,66.12309
2026-09-04T15:13:41.789446,sensor/Current frequency,0.0,126.2852
2026-09-04T15:13:41.835054,sensor/Current frequency,0.0,265.1946
2026-09-04T15:13:41.892649,sensor/Current frequency,0.0,199.5405
2026-09-04T15:13:41.953966,sensor/Current frequency,0.006766,221.4224
2026-09-04T15:13:42.004963,sensor/Current frequency,0.009608,1332.621
2026-09-04T15:13:42.059735,sensor/Current frequency,0.012573,435.4017
2026-09-04T15:13:42.127229,sensor/Current frequency,0.014828,86.84649
2026-09-04T15:13:42.162824,sensor/Current frequency,0.015669,572.9683
2026-09-04T15:13:42.205475,sensor/Current frequency,0.016569,715.9268
2026-09-04T15:13:42.267225,sensor/Current frequency,0.016978,178.6706
2026-09-04T15:13:42.313579,sensor/Current frequency,0.017883,178.2282
2026-09-04T15:13:42.368182,sensor/Current frequency,0.018572,172.293
2026-09-04T15:13:42.430871,sensor/Current frequency,0.018846,147.3111
2026-09-04T15:13:42.477800,sensor/Current frequency,0.019643,181.6941
2026-09-04T15:13:42.531771,sensor/Current frequency,0.020079,210.1765
2026-09-04T15:13:42.576798,sensor/Current frequency,0.02094,86.8325
2026-09-04T15:13:42.639324,sensor/Current frequency,0.021072,148.2869
2026-09-04T15:13:42.688420,sensor/Current frequency,0.021595,288.5459
2026-09-04T15:13:42.737282,sensor/Current frequency,0.021648,242.0802
2026-09-04T15:13:42.789414,sensor/Current frequency,0.0,429.637
2026-09-04T15:13:42.871237,sensor/Current frequency,0.007724,222.03
2026-09-04T15:13:42.943362,sensor/Current frequency,0.009173,452.214
2026-09-04T15:13:42.950873,sensor/Current frequency,0.012019,465.6516
2026-09-04T15:13:43.018138,sensor/Current frequency,0.013185,65.63824
2026-09-04T15:13:43.082727,sensor/Current frequency,0.015385,474.8479
2026-09-04T15:13:43.113603,sensor/Current frequency,0.016265,381.2381
2026-09-04T15:13:43.162320,sensor/Current frequency,0.017433,89.39472
2026-09-04T15:13:43.219000,sensor/Current frequency,0.0,207.2359
2026-09-04T15:13:43.269269,sensor/Current frequency,0.0,212.8305
2026-09-04T15:13:43.320310,sensor/Current frequency,0.0,529.6294
2026-09-04T15:13:43.390888,sensor/Current frequency,0.0,134.366
2026-09-04T15:13:43.430514,sensor/Current frequency,0.0,349.843
2026-09-04T15:13:43.490420,sensor/Current frequency,0.0,314.6882
2026-09-04T15:13:43.539603,sensor/Current frequency,0.0,174.2213
2026-09-04T15:13:43.597183,sensor/Current frequency,0.0,141.7604
2026-09-04T15:13:43.659663,sensor/Current frequency,0.0,156.8437
2026-09-04T15:13:43.696101,sensor/Current frequency,0.0,90.85752
2026-09-04T15:13:43.758374,sensor/Current frequency,0.0,84.44843
2026-09-04T15:13:43.803381,sensor/Current frequency,0.0,212.7288
2026-09-04T15:13:43.862937,sensor/Current frequency,0.0,206.8392
2026-09-04T15:13:43.911681,sensor/Current frequency,0.0,79.17721
2026-09-04T15:13:43.964448,sensor/Current frequency,0.0,72.40025
2026-09-04T15:13:44.010887,sensor/Current frequency,0.0,210.9761
2026-09-04T15:13:44.066150,sensor/Current frequency,0.0,81.46655
2026-09-04T15:13:44.119129,sensor/Current frequency,0.0,184.5478
2026-09-04T15:13:44.170263,sensor/Current frequency,0.0,77.3773
2026-09-04T15:13:44.227266,sensor/Current frequency,0.0,218.4875
2026-09-04T15:13:44.278347,sensor/Current frequency,0.0,103.8107
2026-09-04T15:13:44.329900,sensor/Current frequency,0.0,83.58843
2026-09-04T15:13:44.389497,sensor/Current frequency,0.0,75.92624
2026-09-04T15:13:44.491366,sensor/Current frequency,0.0,252.3444
2026-09-04T15:13:44.491632,sensor/Current frequency,0.0,76.629
2026-09-04T15:13:44.545471,sensor/Current frequency,0.0,231.163
2026-09-04T15:13:44.595967,sensor/Current frequency,0.0,64.52057
2026-09-04T15:13:44.652624,sensor/Current frequency,0.0,81.9044
2026-09-04T15:13:44.718577,sensor/Current frequency,0.0,203.1316
2026-09-04T15:13:44.760356,sensor/Current frequency,0.0,202.5773
2026-09-04T15:13:44.821800,sensor/Current frequency,0.0,92.41491
2026-09-04T15:13:44.863859,sensor/Current frequency,0.0,71.54522
2026-09-04T15:13:44.930990,sensor/Current frequency,0.0,83.39747
2026-09-04T15:13:44.972638,sensor/Current frequency,0.0,327.8189
2026-09-04T15:13:45.033884,sensor/Current frequency,0.0,87.87328
2026-09-04T15:13:45.086536,sensor/Current frequency,0.0,61.07484
2026-09-04T15:13:45.133583,sensor/Current frequency,0.0,85.13451
2026-09-04T15:13:45.188497,sensor/Current frequency,0.0,259.9398
2026-09-04T15:13:45.238669,sensor/Current frequency,0.0,152.326
2026-09-04T15:13:45.294760,sensor/Current frequency,0.0,71.58114
2026-09-04T15:13:45.343998,sensor/Current frequency,0.0,1301.276
2026-09-04T15:13:45.401622,sensor/Current frequency,0.006052,1317.512
2026-09-04T15:13:45.447500,sensor/Current frequency,0.010243,1325.318
2026-09-04T15:13:45.500809,sensor/Current frequency,0.013105,1315.205
2026-09-04T15:13:45.555938,sensor/Current frequency,0.014455,1318.167
2026-09-04T15:13:45.607221,sensor/Current frequency,0.015755,1329.128
2026-09-04T15:13:45.681952,sensor/Current frequency,0.016598,67.08299
2026-09-04T15:13:45.712497,sensor/Current frequency,0.017384,78.17284
2026-09-04T15:13:45.765429,sensor/Current frequency,0.0,348.0589
2026-09-04T15:13:45.819242,sensor/Current frequency,0.0,76.68876
2026-09-04T15:13:45.875856,sensor/Current frequency,0.0,245.7861
2026-09-04T15:13:45.928757,sensor/Current frequency,0.006766,313.7603
2026-09-04T15:13:45.981718,sensor/Current frequency,0.010746,70.75308
2026-09-04T15:13:46.032150,sensor/Current frequency,0.0,71.56686
2026-09-04T15:13:46.090322,sensor/Current frequency,0.0,161.5102
2026-09-04T15:13:46.148943,sensor/Current frequency,0.0,80.07848
2026-09-04T15:13:46.192630,sensor/Current frequency,0.0,189.1428
2026-09-04T15:13:46.259476,sensor/Current frequency,0.0,74.68398
2026-09-04T15:13:46.300606,sensor/Current frequency,0.0,67.61397
2026-09-04T15:13:46.357781,sensor/Current frequency,0.0,61.57507
2026-09-04T15:13:46.426798,sensor/Current frequency,0.0,83.98405
2026-09-04T15:13:46.467801,sensor/Current frequency,0.0,62.72383
2026-09-04T15:13:46.524847,sensor/Current frequency,0.0,81.35883
2026-09-04T15:13:46.566319,sensor/Current frequency,0.0,70.13652
2026-09-04T15:13:46.631726,sensor/Current frequency,0.0,74.58173
2026-09-04T15:13:46.673297,sensor/Current frequency,0.0,71.55719
2026-09-04T15:13:46.733135,sensor/Current frequency,0.008432,306.8488
2026-09-04T15:13:46.775213,sensor/Current frequency,0.009903,84.90971
2026-09-04T15:13:46.839237,sensor/Current frequency,0.012272,362.8894
2026-09-04T15:13:46.883576,sensor/Current frequency,0.012942,191.5129
2026-09-04T15:13:46.936847,sensor/Current frequency,0.014821,389.894
2026-09-04T15:13:46.987139,sensor/Current frequency,0.01615,90.87732
2026-09-04T15:13:47.042047,sensor/Current frequency,0.0,436.3744
2026-09-04T15:13:47.095505,sensor/Current frequency,0.0,80.36807
2026-09-04T15:13:47.152749,sensor/Current frequency,0.0,427.4515
2026-09-04T15:13:47.205679,sensor/Current frequency,0.0,424.9911
2026-09-04T15:13:47.254922,sensor/Current frequency,0.0,71.31346
2026-09-04T15:13:47.319023,sensor/Current frequency,0.0,247.7598
2026-09-04T15:13:47.363936,sensor/Current frequency,0.0,650.7497
2026-09-04T15:13:47.415298,sensor/Current frequency,0.0,114.9032
2026-09-04T15:13:47.467232,sensor/Current frequency,0.0,257.3469
2026-09-04T15:13:47.526919,sensor/Current frequency,0.0,213.884
2026-09-04T15:13:47.586668,sensor/Current frequency,0.0,425.2214
2026-09-04T15:13:47.627020,sensor/Current frequency,0.0,94.22807
2026-09-04T15:13:47.684483,sensor/Current frequency,0.0,218.9389
2026-09-04T15:13:47.736002,sensor/Current frequency,0.0,153.6963
2026-09-04T15:13:47.791471,sensor/Current frequency,0.0,84.9381
2026-09-04T15:13:47.847811,sensor/Current frequency,0.0,323.9823
2026-09-04T15:13:47.895690,sensor/Current frequency,0.0,58.48651
2026-09-04T15:13:47.955256,sensor/Current frequency,0.0,85.0232
2026-09-04T15:13:48.000972,sensor/Current frequency,0.0,86.06745
2026-09-04T15:13:48.058825,sensor/Current frequency,0.0,79.61114
2026-09-04T15:13:48.104464,sensor/Current frequency,0.0,179.4056
2026-09-04T15:13:48.163989,sensor/Current frequency,0.0,1247.577
2026-09-04T15:13:48.212139,sensor/Current frequency,0.0,92.1044
2026-09-04T15:13:48.268333,sensor/Current frequency,0.0,70.69162
2026-09-04T15:13:48.319684,sensor/Current frequency,0.0,89.50452
2026-09-04T15:13:48.372161,sensor/Current frequency,0.0,65.41195
2026-09-04T15:13:48.423539,sensor/Current frequency,0.005241,1369.148
2026-09-04T15:13:48.479968,sensor/Current frequency,0.007724,238.6378
2026-09-04T15:13:48.538378,sensor/Current frequency,0.010072,1198.411
2026-09-04T15:13:48.587267,sensor/Current frequency,0.012873,58.81807
2026-09-04T15:13:48.646408,sensor/Current frequency,0.013709,191.4605
2026-09-04T15:13:48.692003,sensor/Current frequency,0.015525,69.43205
2026-09-04T15:13:48.743738,sensor/Current frequency,0.016391,81.92104
2026-09-04T15:13:48.809472,sensor/Current frequency,0.017725,70.06699
2026-09-04T15:13:48.856542,sensor/Current frequency,0.018751,79.13303
2026-09-04T15:13:48.918102,sensor/Current frequency,0.019173,60.98996
2026-09-04T15:13:48.960926,sensor/Current frequency,0.019926,1351.016
2026-09-04T15:13:49.020926,sensor/Current frequency,0.020343,1356.502
2026-09-04T15:13:49.066865,sensor/Current frequency,0.021586,1371.196
2026-09-04T15:13:49.122045,sensor/Current frequency,0.022375,1350.225
2026-09-04T15:13:49.182091,sensor/Current frequency,0.023828,1408.541
2026-09-04T15:13:49.226755,sensor/Current frequency,0.024891,1439.162
2026-09-04T15:13:49.287370,sensor/Current frequency,0.025186,1463.008
2026-09-04T15:13:49.331957,sensor/Current frequency,0.025612,1441.846
2026-09-04T15:13:49.389505,sensor/Current frequency,0.025923,68.68632
2026-09-04T15:13:49.438724,sensor/Current frequency,0.025863,76.41245
2026-09-04T15:13:49.491147,sensor/Current frequency,0.000672,65.02739
2026-09-04T15:13:49.542860,sensor/Current frequency,0.025928,1374.222
2026-09-04T15:13:49.601839,sensor/Current frequency,0.026275,86.57061
2026-09-04T15:13:49.675400,sensor/Current frequency,0.026372,112.8963
2026-09-04T15:13:49.712816,sensor/Current frequency,0.026215,1267.149
2026-09-04T15:13:49.763645,sensor/Current frequency,0.026374,211.0882
2026-09-04T15:13:49.818061,sensor/Current frequency,0.026663,69.16048
2026-09-04T15:13:49.867450,sensor/Current frequency,0.026588,67.96588
2026-09-04T15:13:49.942977,sensor/Current frequency,0.026612,78.24057
2026-09-04T15:13:49.973065,sensor/Current frequency,0.0,65.36086
2026-09-04T15:13:50.023339,sensor/Current frequency,0.0,383.4391
2026-09-04T15:13:50.078037,sensor/Current frequency,0.0,235.9777
2026-09-04T15:13:50.138209,sensor/Current frequency,0.0,75.14887
2026-09-04T15:13:50.182337,sensor/Current frequency,0.0,83.67604
2026-09-04T15:13:50.247048,sensor/Current frequency,0.0,75.03929
2026-09-04T15:13:50.288847,sensor/Current frequency,0.0,182.1515
2026-09-04T15:13:50.351617,sensor/Current frequency,0.0,64.60884
2026-09-04T15:13:50.395399,sensor/Current frequency,0.0,70.05998
2026-09-04T15:13:50.448658,sensor/Current frequency,0.0,70.63262
2026-09-04T15:13:50.510613,sensor/Current frequency,0.0,96.64281
2026-09-04T15:13:50.554724,sensor/Current frequency,0.0,210.2832
2026-09-04T15:13:50.619251,sensor/Current frequency,0.0,78.55167
2026-09-04T15:13:50.665201,sensor/Current frequency,0.0,65.64446
2026-09-04T15:13:50.722005,sensor/Current frequency,0.0,109.8734
2026-09-04T15:13:50.765373,sensor/Current frequency,0.0,170.1717
2026-09-04T15:13:50.821962,sensor/Current frequency,0.0,154.6169
2026-09-04T15:13:50.872233,sensor/Current frequency,0.0,138.7804
2026-09-04T15:13:50.924102,sensor/Current frequency,0.0,120.0105
2026-09-04T15:13:50.978225,sensor/Current frequency,0.0,133.0697
2026-09-04T15:13:51.030844,sensor/Current frequency,0.0,127.7105
2026-09-04T15:13:51.085211,sensor/Current frequency,0.0,153.1052
2026-09-04T15:13:51.141504,sensor/Current frequency,0.0,133.9365
2026-09-04T15:13:51.196957,sensor/Current frequency,0.0,66.4322
2026-09-04T15:13:51.242973,sensor/Current frequency,0.0,67.38583
2026-09-04T15:13:51.308129,sensor/Current frequency,0.0,77.32037
2026-09-04T15:13:51.349321,sensor/Current frequency,0.0,176.9613
2026-09-04T15:13:51.405059,sensor/Current frequency,0.0,208.663
2026-09-04T15:13:51.454851,sensor/Current frequency,0.0,164.8943
2026-09-04T15:13:51.538971,sensor/Current frequency,0.0,70.50436
2026-09-04T15:13:51.569514,sensor/Current frequency,0.0,76.74971
2026-09-04T15:13:51.645635,sensor/Current frequency,0.0,75.9066
2026-09-04T15:13:51.687027,sensor/Current frequency,0.0,69.36617
2026-09-04T15:13:51.722517,sensor/Current frequency,0.0,65.45235
2026-09-04T15:13:51.785055,sensor/Current frequency,0.0,68.62097
2026-09-04T15:13:51.839620,sensor/Current frequency,0.0,78.55716
2026-09-04T15:13:51.882672,sensor/Current frequency,0.0,68.24649
2026-09-04T15:13:51.946642,sensor/Current frequency,0.0,66.38954
2026-09-04T15:13:51.991354,sensor/Current frequency,0.0,214.2389
2026-09-04T15:13:52.046626,sensor/Current frequency,0.0,72.0005
2026-09-04T15:13:52.091052,sensor/Current frequency,0.0,361.62
2026-09-04T15:13:52.154390,sensor/Current frequency,0.0,78.53622
2026-09-04T15:13:52.198201,sensor/Current frequency,0.0,71.08536
2026-09-04T15:13:52.254957,sensor/Current frequency,0.0,186.2601
2026-09-04T15:13:52.305853,sensor/Current frequency,0.0,70.52489
2026-09-04T15:13:52.364125,sensor/Current frequency,0.0,72.90086
2026-09-04T15:13:52.410087,sensor/Current frequency,0.0,77.45895
2026-09-04T15:13:52.464437,sensor/Current frequency,0.0,70.97617
2026-09-04T15:13:52.518321,sensor/Current frequency,0.0,88.01167
2026-09-04T15:13:52.569808,sensor/Current frequency,0.0,155.7966
2026-09-04T15:13:52.632684,sensor/Current frequency,0.0,140.8559
2026-09-04T15:13:52.677704,sensor/Current frequency,0.0,82.38046
2026-09-04T15:13:52.731099,sensor/Current frequency,0.0,61.64783
2026-09-04T15:13:52.784384,sensor/Current frequency,0.0,69.31353
2026-09-04T15:13:52.837515,sensor/Current frequency,0.0,69.21687
2026-09-04T15:13:52.891072,sensor/Current frequency,0.0,85.91006
2026-09-04T15:13:52.944859,sensor/Current frequency,0.005241,616.4688
2026-09-04T15:13:53.008485,sensor/Current frequency,0.008296,298.583
2026-09-04T15:13:53.049854,sensor/Current frequency,0.011416,66.48895
2026-09-04T15:13:53.113002,sensor/Current frequency,0.0,206.7034
2026-09-04T15:13:53.156035,sensor/Current frequency,0.0,81.62315
2026-09-04T15:13:53.219318,sensor/Current frequency,0.0,77.36933
2026-09-04T15:13:53.275881,sensor/Current frequency,0.0,82.81966
2026-09-04T15:13:53.318482,sensor/Current frequency,0.0,1159.959
2026-09-04T15:13:53.375091,sensor/Current frequency,0.0,63.43948
2026-09-04T15:13:53.429878,sensor/Current frequency,0.0,560.0133
2026-09-04T15:13:53.482268,sensor/Current frequency,0.0,87.00297
2026-09-04T15:13:53.530287,sensor/Current frequency,0.0,71.62459
2026-09-04T15:13:53.584566,sensor/Current frequency,0.0,310.2004
2026-09-04T15:13:53.636212,sensor/Current frequency,0.0,107.9378
2026-09-04T15:13:53.686212,sensor/Current frequency,0.0,62.69297
2026-09-04T15:13:53.740847,sensor/Current frequency,0.0,73.65958
2026-09-04T15:13:53.793567,sensor/Current frequency,0.0,174.121
2026-09-04T15:13:53.844689,sensor/Current frequency,0.0,90.61954
2026-09-04T15:13:53.901200,sensor/Current frequency,0.0,68.37029
2026-09-04T15:13:53.959381,sensor/Current frequency,0.0,66.6228
2026-09-04T15:13:54.010947,sensor/Current frequency,0.0,243.6009
2026-09-04T15:13:54.065785,sensor/Current frequency,0.0,71.18761
2026-09-04T15:13:54.116120,sensor/Current frequency,0.0,72.18565
2026-09-04T15:13:54.167392,sensor/Current frequency,0.0,89.39657
2026-09-04T15:13:54.221326,sensor/Current frequency,0.0,74.61629
2026-09-04T15:13:54.274545,sensor/Current frequency,0.0,74.72305
2026-09-04T15:13:54.334829,sensor/Current frequency,0.0,69.34038
2026-09-04T15:13:54.379012,sensor/Current frequency,0.0,76.73141
2026-09-04T15:13:54.441873,sensor/Current frequency,0.0,70.40823
2026-09-04T15:13:54.482780,sensor/Current frequency,0.0,73.73734
2026-09-04T15:13:54.540834,sensor/Current frequency,0.0,71.97327
2026-09-04T15:13:54.590469,sensor/Current frequency,0.0,281.3692
2026-09-04T15:13:54.645857,sensor/Current frequency,0.0,73.18929
2026-09-04T15:13:54.714293,sensor/Current frequency,0.0,68.51566
2026-09-04T15:13:54.748436,sensor/Current frequency,0.0,256.9801
2026-09-04T15:13:54.810524,sensor/Current frequency,0.0,83.44711
2026-09-04T15:13:54.859216,sensor/Current frequency,0.0,83.46765
2026-09-04T15:13:54.915092,sensor/Current frequency,0.0,81.91991
2026-09-04T15:13:54.963710,sensor/Current frequency,0.0,72.57309
2026-09-04T15:13:55.018134,sensor/Current frequency,0.0,123.8318
2026-09-04T15:13:55.067043,sensor/Current frequency,0.034475,2003.377
2026-09-04T15:13:55.121387,sensor/Current frequency,0.040254,2003.489
2026-09-04T15:13:55.175153,sensor/Current frequency,0.048424,2003.533
2026-09-04T15:13:55.226732,sensor/Current frequency,0.054696,2003.567
2026-09-04T15:13:55.278777,sensor/Current frequency,0.057417,2020.929
2026-09-04T15:13:55.332628,sensor/Current frequency,0.055862,2001.801
2026-09-04T15:13:55.423461,sensor/Current frequency,0.054866,2003.093
2026-09-04T15:13:55.437136,sensor/Current frequency,0.052715,2006.513
2026-09-04T15:13:55.497516,sensor/Current frequency,0.050819,2014.505
2026-09-04T15:13:55.546670,sensor/Current frequency,0.049962,2006.528
2026-09-04T15:13:55.598825,sensor/Current frequency,0.048242,83.97951
2026-09-04T15:13:55.652801,sensor/Current frequency,0.047344,105.0294
2026-09-04T15:13:55.705872,sensor/Current frequency,0.0,704.5985
2026-09-04T15:13:55.756370,sensor/Current frequency,0.0,243.2261
2026-09-04T15:13:55.811915,sensor/Current frequency,0.0,318.8754
2026-09-04T15:13:55.873902,sensor/Current frequency,0.0,228.0526
2026-09-04T15:13:55.915940,sensor/Current frequency,0.0,410.1161
2026-09-04T15:13:55.983933,sensor/Current frequency,0.0,1487.98
2026-09-04T15:13:56.024925,sensor/Current frequency,0.024143,2001.302
2026-09-04T15:13:56.078854,sensor/Current frequency,0.033258,2002.748
2026-09-04T15:13:56.141996,sensor/Current frequency,0.044201,2003.426
2026-09-04T15:13:56.182682,sensor/Current frequency,0.052681,2003.341
2026-09-04T15:13:56.242113,sensor/Current frequency,0.056199,2003.368
2026-09-04T15:13:56.290524,sensor/Current frequency,0.058632,2004.798
2026-09-04T15:13:56.346958,sensor/Current frequency,0.057732,2004.065
2026-09-04T15:13:56.394162,sensor/Current frequency,0.05568,2003.031
2026-09-04T15:13:56.450825,sensor/Current frequency,0.053509,1993.842
2026-09-04T15:13:56.498693,sensor/Current frequency,0.052329,2001.337
2026-09-04T15:13:56.551372,sensor/Current frequency,0.050159,93.08335
2026-09-04T15:13:56.607395,sensor/Current frequency,0.049355,420.1366
2026-09-04T15:13:56.661327,sensor/Current frequency,0.047517,88.13705
2026-09-04T15:13:56.710944,sensor/Current frequency,0.045764,91.93987
2026-09-04T15:13:56.770672,sensor/Current frequency,0.044878,88.02728
2026-09-04T15:13:56.912449,sensor/Current frequency,0.043357,186.0846
2026-09-04T15:13:56.929538,sensor/Current frequency,0.0,381.7294
2026-09-04T15:13:56.929834,sensor/Current frequency,0.0,121.3095
2026-09-04T15:13:57.076281,sensor/Current frequency,0.0,820.6749
2026-09-04T15:13:57.076926,sensor/Current frequency,0.024269,2003.352
2026-09-04T15:13:57.102705,sensor/Current frequency,0.044122,2003.786
2026-09-04T15:13:57.149882,sensor/Current frequency,0.047778,2003.49
2026-09-04T15:13:57.206395,sensor/Current frequency,0.054341,2003.536
2026-09-04T15:13:57.266562,sensor/Current frequency,0.05731,2003.618
2026-09-04T15:13:57.309603,sensor/Current frequency,0.055811,2004.785
2026-09-04T15:13:57.368936,sensor/Current frequency,0.053799,2001.014
2026-09-04T15:13:57.418561,sensor/Current frequency,0.052784,2003.129
2026-09-04T15:13:57.472606,sensor/Current frequency,0.050678,126.1545
2026-09-04T15:13:57.522029,sensor/Current frequency,0.049641,128.5751
2026-09-04T15:13:57.574723,sensor/Current frequency,0.047845,291.5545
2026-09-04T15:13:57.627989,sensor/Current frequency,0.046927,142.9417
2026-09-04T15:13:57.680537,sensor/Current frequency,0.04521,139.0504
2026-09-04T15:13:57.732876,sensor/Current frequency,0.043673,134.336
2026-09-04T15:13:57.787415,sensor/Current frequency,0.042889,124.6207
2026-09-04T15:13:57.843730,sensor/Current frequency,0.041466,133.8272
2026-09-04T15:13:57.892674,sensor/Current frequency,0.040792,72.73403
2026-09-04T15:13:57.947471,sensor/Current frequency,0.03963,103.0667
2026-09-04T15:13:58.022236,sensor/Current frequency,0.04522,2000.841
2026-09-04T15:13:58.058769,sensor/Current frequency,0.050467,2003.643
2026-09-04T15:13:58.105244,sensor/Current frequency,0.057889,2003.689
2026-09-04T15:13:58.163591,sensor/Current frequency,0.060772,2003.407
2026-09-04T15:13:58.222679,sensor/Current frequency,0.065464,2003.481
2026-09-04T15:13:58.265557,sensor/Current frequency,0.067276,2024.895
2026-09-04T15:13:58.327396,sensor/Current frequency,0.06697,2005.085
2026-09-04T15:13:58.372641,sensor/Current frequency,0.064247,2003.571
2026-09-04T15:13:58.442434,sensor/Current frequency,0.062839,2002.001
2026-09-04T15:13:58.482748,sensor/Current frequency,0.060244,1996.909
2026-09-04T15:13:58.545528,sensor/Current frequency,0.058978,2005.927
2026-09-04T15:13:58.595911,sensor/Current frequency,0.056399,127.8518
2026-09-04T15:13:58.645345,sensor/Current frequency,0.0,218.45
2026-09-04T15:13:58.700683,sensor/Current frequency,0.0,215.5056
2026-09-04T15:13:58.746367,sensor/Current frequency,0.0,238.5277
2026-09-04T15:13:58.805465,sensor/Current frequency,0.0,226.0774
2026-09-04T15:13:58.854875,sensor/Current frequency,0.0,103.6696
2026-09-04T15:13:58.908200,sensor/Current frequency,0.0,172.9717
2026-09-04T15:13:58.959991,sensor/Current frequency,0.0,139.2394
2026-09-04T15:13:59.014195,sensor/Current frequency,0.0,467.9646
2026-09-04T15:13:59.061305,sensor/Current frequency,0.0,465.9691
2026-09-04T15:13:59.117373,sensor/Current frequency,0.0,133.2422
2026-09-04T15:13:59.169818,sensor/Current frequency,0.0,222.9393
2026-09-04T15:13:59.223562,sensor/Current frequency,0.0,279.9763
2026-09-04T15:13:59.285521,sensor/Current frequency,0.0,251.0658
2026-09-04T15:13:59.334196,sensor/Current frequency,0.0,252.635
2026-09-04T15:13:59.383790,sensor/Current frequency,0.0,222.2491
2026-09-04T15:13:59.434906,sensor/Current frequency,0.0,497.2385
2026-09-04T15:13:59.492861,sensor/Current frequency,0.0,183.3538
2026-09-04T15:13:59.538044,sensor/Current frequency,0.0,199.224
2026-09-04T15:13:59.594635,sensor/Current frequency,0.0,612.4647
2026-09-04T15:13:59.646410,sensor/Current frequency,0.0,334.0388
2026-09-04T15:13:59.698001,sensor/Current frequency,0.0,149.8979
2026-09-04T15:13:59.759378,sensor/Current frequency,0.005794,436.8318
2026-09-04T15:13:59.804945,sensor/Current frequency,0.006867,188.6514
2026-09-04T15:13:59.869555,sensor/Current frequency,0.009943,254.943
2026-09-04T15:13:59.915351,sensor/Current frequency,0.010878,91.87161
2026-09-04T15:13:59.966931,sensor/Current frequency,0.012783,538.121
2026-09-04T15:14:00.018161,sensor/Current frequency,0.014387,245.9812
2026-09-04T15:14:00.073805,sensor/Current frequency,0.01497,262.6217
2026-09-04T15:14:00.130732,sensor/Current frequency,0.01572,379.8036
2026-09-04T15:14:00.175487,sensor/Current frequency,0.016287,211.1141
2026-09-04T15:14:00.235734,sensor/Current frequency,0.017205,130.8035
2026-09-04T15:14:00.286376,sensor/Current frequency,0.0,200.5588
2026-09-04T15:14:00.337927,sensor/Current frequency,0.0,709.8236
2026-09-04T15:14:00.392107,sensor/Current frequency,0.0,307.9695
2026-09-04T15:14:00.443924,sensor/Current frequency,0.0,151.9144
2026-09-04T15:14:00.495381,sensor/Current frequency,0.0,197.246
2026-09-04T15:14:00.558412,sensor/Current frequency,0.004941,583.785
2026-09-04T15:14:00.602043,sensor/Current frequency,0.0069,683.4924
2026-09-04T15:14:00.653531,sensor/Current frequency,0.010131,97.37273
2026-09-04T15:14:00.710082,sensor/Current frequency,0.012688,691.6376
2026-09-04T15:14:00.760325,sensor/Current frequency,0.013317,682.5426
2026-09-04T15:14:00.816445,sensor/Current frequency,0.014405,100.3429
2026-09-04T15:14:00.866520,sensor/Current frequency,0.015088,678.4943
2026-09-04T15:14:00.923542,sensor/Current frequency,0.016094,193.6594
2026-09-04T15:14:00.970879,sensor/Current frequency,0.01695,123.1254
2026-09-04T15:14:01.026654,sensor/Current frequency,0.017244,215.9942
2026-09-04T15:14:01.086934,sensor/Current frequency,0.017861,157.2199
2026-09-04T15:14:01.130813,sensor/Current frequency,0.017927,475.8168
2026-09-04T15:14:01.207028,sensor/Current frequency,0.0,246.8027
2026-09-04T15:14:01.239984,sensor/Current frequency,0.0,695.9602
2026-09-04T15:14:01.297245,sensor/Current frequency,0.006052,120.5072
2026-09-04T15:14:01.353547,sensor/Current frequency,0.009778,597.6953
2026-09-04T15:14:01.404503,sensor/Current frequency,0.010876,734.6775
2026-09-04T15:14:01.463611,sensor/Current frequency,0.012547,98.5977
2026-09-04T15:14:01.508852,sensor/Current frequency,0.012956,97.52901
2026-09-04T15:14:01.566097,sensor/Current frequency,0.014631,553.6127
2026-09-04T15:14:01.615508,sensor/Current frequency,0.015795,216.2135
2026-09-04T15:14:01.669424,sensor/Current frequency,0.016169,107.8476
2026-09-04T15:14:01.726664,sensor/Current frequency,0.016834,246.76
2026-09-04T15:14:01.771148,sensor/Current frequency,0.017047,128.3786
2026-09-04T15:14:01.825981,sensor/Current frequency,0.0,431.3152
2026-09-04T15:14:01.878755,sensor/Current frequency,0.005241,122.0208
2026-09-04T15:14:01.995118,sensor/Current frequency,0.0,552.2271
2026-09-04T15:14:01.995345,sensor/Current frequency,0.0,695.0408
2026-09-04T15:14:02.035518,sensor/Current frequency,0.0,688.2103
2026-09-04T15:14:02.087650,sensor/Current frequency,0.004622,690.001
2026-09-04T15:14:02.146827,sensor/Current frequency,0.008685,693.6128
2026-09-04T15:14:02.195731,sensor/Current frequency,0.010406,679.3258
2026-09-04T15:14:02.253947,sensor/Current frequency,0.012417,692.0745
2026-09-04T15:14:02.304001,sensor/Current frequency,0.014084,604.3533
2026-09-04T15:14:02.356073,sensor/Current frequency,0.0,435.577
2026-09-04T15:14:02.416850,sensor/Current frequency,0.0,192.1993
2026-09-04T15:14:02.488909,sensor/Current frequency,0.0,253.3296
2026-09-04T15:14:02.525293,sensor/Current frequency,0.0,205.0104
2026-09-04T15:14:02.604116,sensor/Current frequency,0.0,237.2298
2026-09-04T15:14:02.628827,sensor/Current frequency,0.0,424.7635
2026-09-04T15:14:02.674699,sensor/Current frequency,0.0,462.7074
2026-09-04T15:14:02.731099,sensor/Current frequency,0.0,428.2896
2026-09-04T15:14:02.797809,sensor/Current frequency,0.0,713.1091
2026-09-04T15:14:02.838484,sensor/Current frequency,0.0,132.8331
2026-09-04T15:14:02.893547,sensor/Current frequency,0.0,134.4245
2026-09-04T15:14:02.943499,sensor/Current frequency,0.0,206.0132
2026-09-04T15:14:02.999790,sensor/Current frequency,0.0,168.4906
2026-09-04T15:14:03.043617,sensor/Current frequency,0.0,229.2213
2026-09-04T15:14:03.102552,sensor/Current frequency,0.0,306.3504
2026-09-04T15:14:03.154628,sensor/Current frequency,0.0,195.5075
2026-09-04T15:14:03.203402,sensor/Current frequency,0.0,386.8223
2026-09-04T15:14:03.259592,sensor/Current frequency,0.0,218.9048
2026-09-04T15:14:03.312737,sensor/Current frequency,0.0,190.1446
2026-09-04T15:14:03.362825,sensor/Current frequency,0.0,87.46417
2026-09-04T15:14:03.418334,sensor/Current frequency,0.0,204.7792
2026-09-04T15:14:03.470536,sensor/Current frequency,0.0,215.8601
2026-09-04T15:14:03.521782,sensor/Current frequency,0.0,160.7814
2026-09-04T15:14:03.578985,sensor/Current frequency,0.0,85.34623
2026-09-04T15:14:03.631730,sensor/Current frequency,0.0,97.16312
2026-09-04T15:14:03.684250,sensor/Current frequency,0.0,440.7091
2026-09-04T15:14:03.734980,sensor/Current frequency,0.0,366.221
2026-09-04T15:14:03.789911,sensor/Current frequency,0.0,489.0777
2026-09-04T15:14:03.840019,sensor/Current frequency,0.0,193.5783
2026-09-04T15:14:03.893236,sensor/Current frequency,0.0,431.799
2026-09-04T15:14:03.959744,sensor/Current frequency,0.0,465.5901
2026-09-04T15:14:04.001492,sensor/Current frequency,0.0,84.39301
2026-09-04T15:14:04.062114,sensor/Current frequency,0.0,310.532
2026-09-04T15:14:04.144298,sensor/Current frequency,0.0,95.05981
2026-09-04T15:14:04.166088,sensor/Current frequency,0.0,228.0345
2026-09-04T15:14:04.211544,sensor/Current frequency,0.0,128.9841
2026-09-04T15:14:04.294845,sensor/Current frequency,0.0,723.0866
2026-09-04T15:14:04.325623,sensor/Current frequency,0.0,263.6316
2026-09-04T15:14:04.373908,sensor/Current frequency,0.007118,276.9719
2026-09-04T15:14:04.437660,sensor/Current frequency,0.010116,389.7129
2026-09-04T15:14:04.474826,sensor/Current frequency,0.0,194.2252
2026-09-04T15:14:04.535224,sensor/Current frequency,0.0,182.6033
2026-09-04T15:14:04.584855,sensor/Current frequency,0.0,173.2834
2026-09-04T15:14:04.639105,sensor/Current frequency,0.0,137.8521
2026-09-04T15:14:04.688626,sensor/Current frequency,0.0,278.7191
2026-09-04T15:14:04.741982,sensor/Current frequency,0.0,79.56703
2026-09-04T15:14:04.796314,sensor/Current frequency,0.008478,68.60623
2026-09-04T15:14:04.850001,sensor/Current frequency,0.01039,176.3748
2026-09-04T15:14:04.902384,sensor/Current frequency,0.012751,188.9935
2026-09-04T15:14:04.955196,sensor/Current frequency,0.014158,431.0286
2026-09-04T15:14:05.010146,sensor/Current frequency,0.015169,177.4397
2026-09-04T15:14:05.066107,sensor/Current frequency,0.016345,291.4742
2026-09-04T15:14:05.121378,sensor/Current frequency,0.016952,788.0468
2026-09-04T15:14:05.168877,sensor/Current frequency,0.017857,119.1555
2026-09-04T15:14:05.220584,sensor/Current frequency,0.018427,184.0388
2026-09-04T15:14:05.282191,sensor/Current frequency,0.018901,767.1607
2026-09-04T15:14:05.330304,sensor/Current frequency,0.019315,304.961
2026-09-04T15:14:05.394736,sensor/Current frequency,0.0,382.5823
2026-09-04T15:14:05.433220,sensor/Current frequency,0.0,414.2105
2026-09-04T15:14:05.495077,sensor/Current frequency,0.0,398.7972
2026-09-04T15:14:05.541445,sensor/Current frequency,0.0,466.6956
2026-09-04T15:14:05.596889,sensor/Current frequency,0.0,312.3196
2026-09-04T15:14:05.655110,sensor/Current frequency,0.0,775.287
2026-09-04T15:14:05.701910,sensor/Current frequency,0.0,178.5774
2026-09-04T15:14:05.760589,sensor/Current frequency,0.0,193.7301
2026-09-04T15:14:05.815409,sensor/Current frequency,0.0,753.3506
2026-09-04T15:14:05.904137,sensor/Current frequency,0.007724,200.2172
2026-09-04T15:14:05.909708,sensor/Current frequency,0.009005,429.2982
2026-09-04T15:14:05.968873,sensor/Current frequency,0.010716,170.8057
2026-09-04T15:14:06.022429,sensor/Current frequency,0.012538,601.4948
2026-09-04T15:14:06.070781,sensor/Current frequency,0.013182,412.6667
2026-09-04T15:14:06.127787,sensor/Current frequency,0.014404,199.493
2026-09-04T15:14:06.179034,sensor/Current frequency,0.014986,247.3287
2026-09-04T15:14:06.230855,sensor/Current frequency,0.015815,272.7986
2026-09-04T15:14:06.288609,sensor/Current frequency,0.016165,188.4184
2026-09-04T15:14:06.346261,sensor/Current frequency,0.016696,95.81801
2026-09-04T15:14:06.394138,sensor/Current frequency,0.017546,175.3879
2026-09-04T15:14:06.452392,sensor/Current frequency,0.017716,721.9585
2026-09-04T15:14:06.499990,sensor/Current frequency,0.018509,252.9498
2026-09-04T15:14:06.556070,sensor/Current frequency,0.019029,479.1232
2026-09-04T15:14:06.622200,sensor/Current frequency,0.019658,1092.021
2026-09-04T15:14:06.660883,sensor/Current frequency,0.019941,435.4758
2026-09-04T15:14:06.723107,sensor/Current frequency,0.020233,1149.372
2026-09-04T15:14:06.770095,sensor/Current frequency,0.020568,277.3113
2026-09-04T15:14:06.826934,sensor/Current frequency,0.020647,1138.516
2026-09-04T15:14:06.890515,sensor/Current frequency,0.021077,120.6238
2026-09-04T15:14:06.930516,sensor/Current frequency,0.021345,540.4792
2026-09-04T15:14:06.989851,sensor/Current frequency,0.02155,165.6611
2026-09-04T15:14:07.034938,sensor/Current frequency,0.0,283.672
2026-09-04T15:14:07.095371,sensor/Current frequency,0.0,287.4265
2026-09-04T15:14:07.140713,sensor/Current frequency,0.0,872.2067
2026-09-04T15:14:07.194565,sensor/Current frequency,0.0,158.3783
2026-09-04T15:14:07.251259,sensor/Current frequency,0.0,185.3748
2026-09-04T15:14:07.300181,sensor/Current frequency,0.0,298.4368
2026-09-04T15:14:07.354606,sensor/Current frequency,0.0,279.0711
2026-09-04T15:14:07.406454,sensor/Current frequency,0.0,99.41714
2026-09-04T15:14:07.511389,sensor/Current frequency,0.0,470.752
2026-09-04T15:14:07.511689,sensor/Current frequency,0.0,792.2595
2026-09-04T15:14:07.600641,sensor/Current frequency,0.0,339.1755
2026-09-04T15:14:07.639328,sensor/Current frequency,0.0,153.0704
2026-09-04T15:14:07.684490,sensor/Current frequency,0.0,216.6871
2026-09-04T15:14:07.744695,sensor/Current frequency,0.0,341.0935
2026-09-04T15:14:07.788678,sensor/Current frequency,0.0,1810.054
2026-09-04T15:14:07.845292,sensor/Current frequency,0.0079,262.3985
2026-09-04T15:14:07.897106,sensor/Current frequency,0.009636,142.2489
2026-09-04T15:14:07.950725,sensor/Current frequency,0.011583,122.7474
2026-09-04T15:14:08.008437,sensor/Current frequency,0.012689,154.6386
2026-09-04T15:14:08.056965,sensor/Current frequency,0.013785,269.419
2026-09-04T15:14:08.114829,sensor/Current frequency,0.014792,485.3445
2026-09-04T15:14:08.169041,sensor/Current frequency,0.01514,107.8694
2026-09-04T15:14:08.219836,sensor/Current frequency,0.016138,271.3725
2026-09-04T15:14:08.289816,sensor/Current frequency,0.016671,242.0237
2026-09-04T15:14:08.320534,sensor/Current frequency,0.017363,140.8023
2026-09-04T15:14:08.403848,sensor/Current frequency,0.017803,234.7634
2026-09-04T15:14:08.445601,sensor/Current frequency,0.018593,155.6854
2026-09-04T15:14:08.479245,sensor/Current frequency,0.019039,369.2628
2026-09-04T15:14:08.530891,sensor/Current frequency,0.019124,146.6441
2026-09-04T15:14:08.584308,sensor/Current frequency,0.019359,164.989
2026-09-04T15:14:08.639937,sensor/Current frequency,0.019505,151.9328
2026-09-04T15:14:08.696012,sensor/Current frequency,0.020136,295.3433
2026-09-04T15:14:08.743227,sensor/Current frequency,0.020485,333.4594
2026-09-04T15:14:08.803412,sensor/Current frequency,0.020569,489.8479
2026-09-04T15:14:08.864969,sensor/Current frequency,0.020719,193.8003
2026-09-04T15:14:08.914598,sensor/Current frequency,0.020936,604.9003
2026-09-04T15:14:08.967801,sensor/Current frequency,0.021262,452.8923
2026-09-04T15:14:09.011574,sensor/Current frequency,0.021447,138.2406
2026-09-04T15:14:09.070788,sensor/Current frequency,0.022749,161.4052
2026-09-04T15:14:09.118274,sensor/Current frequency,0.02281,193.1707
2026-09-04T15:14:09.175334,sensor/Current frequency,0.022842,277.4512
2026-09-04T15:14:09.222013,sensor/Current frequency,0.022961,402.9484
2026-09-04T15:14:09.284392,sensor/Current frequency,0.023183,230.4446
2026-09-04T15:14:09.328328,sensor/Current frequency,0.023398,226.6233
2026-09-04T15:14:09.381993,sensor/Current frequency,0.023595,94.36375
2026-09-04T15:14:09.443482,sensor/Current frequency,0.023705,196.8427
2026-09-04T15:14:09.490887,sensor/Current frequency,0.023798,135.8604
2026-09-04T15:14:09.549654,sensor/Current frequency,0.023716,440.0453
2026-09-04T15:14:09.594402,sensor/Current frequency,0.023495,401.5638
2026-09-04T15:14:09.649919,sensor/Current frequency,0.023686,177.9699
2026-09-04T15:14:09.698626,sensor/Current frequency,0.023406,122.1677
2026-09-04T15:14:09.754831,sensor/Current frequency,0.023277,371.504
2026-09-04T15:14:09.807218,sensor/Current frequency,0.023355,247.4334
2026-09-04T15:14:09.858518,sensor/Current frequency,0.023297,392.1598
2026-09-04T15:14:09.914852,sensor/Current frequency,0.02337,191.3722
2026-09-04T15:14:09.969152,sensor/Current frequency,0.023249,213.3302
2026-09-04T15:14:10.018398,sensor/Current frequency,0.023389,215.2157
2026-09-04T15:14:10.073462,sensor/Current frequency,0.023332,190.0934
2026-09-04T15:14:10.126473,sensor/Current frequency,0.023599,257.3206
2026-09-04T15:14:10.177783,sensor/Current frequency,0.023591,104.015
2026-09-04T15:14:10.236516,sensor/Current frequency,0.023576,219.2523
2026-09-04T15:14:10.285952,sensor/Current frequency,0.0,194.3211
2026-09-04T15:14:10.339664,sensor/Current frequency,0.0,184.1572
2026-09-04T15:14:10.401047,sensor/Current frequency,0.0,447.9766
2026-09-04T15:14:10.448838,sensor/Current frequency,0.0,144.9631
2026-09-04T15:14:10.506641,sensor/Current frequency,0.005794,182.6202
2026-09-04T15:14:10.552094,sensor/Current frequency,0.009612,477.5939
2026-09-04T15:14:10.609354,sensor/Current frequency,0.010592,445.9467
2026-09-04T15:14:10.657743,sensor/Current frequency,0.012906,215.984
2026-09-04T15:14:10.743271,sensor/Current frequency,0.014182,192.7617
2026-09-04T15:14:10.775091,sensor/Current frequency,0.014783,90.60756
2026-09-04T15:14:10.836277,sensor/Current frequency,0.015832,163.7521
2026-09-04T15:14:10.914200,sensor/Current frequency,0.016296,205.2247
2026-09-04T15:14:10.977679,sensor/Current frequency,0.017039,491.2707
2026-09-04T15:14:10.982002,sensor/Current frequency,0.017855,120.7046
2026-09-04T15:14:11.029652,sensor/Current frequency,0.018175,110.0021
2026-09-04T15:14:11.085377,sensor/Current frequency,0.018594,245.7502
2026-09-04T15:14:11.134189,sensor/Current frequency,0.018946,491.2076
2026-09-04T15:14:11.189639,sensor/Current frequency,0.019355,146.4673
2026-09-04T15:14:11.242815,sensor/Current frequency,0.019579,492.7596
2026-09-04T15:14:11.295426,sensor/Current frequency,0.019835,176.804
2026-09-04T15:14:11.352637,sensor/Current frequency,0.020282,155.5119
2026-09-04T15:14:11.404885,sensor/Current frequency,0.020452,216.1483
2026-09-04T15:14:11.460783,sensor/Current frequency,0.020966,228.3414
2026-09-04T15:14:11.511945,sensor/Current frequency,0.0,217.8133
2026-09-04T15:14:11.576384,sensor/Current frequency,0.0,860.5926
2026-09-04T15:14:11.619305,sensor/Current frequency,0.0,107.4865
2026-09-04T15:14:11.669579,sensor/Current frequency,0.0,317.4974
2026-09-04T15:14:11.726732,sensor/Current frequency,0.0,166.1727
2026-09-04T15:14:11.772239,sensor/Current frequency,0.0,248.3538
2026-09-04T15:14:11.832488,sensor/Current frequency,0.0,161.1484
2026-09-04T15:14:11.881825,sensor/Current frequency,0.0,95.59636
2026-09-04T15:14:11.940052,sensor/Current frequency,0.0,227.1176
2026-09-04T15:14:11.986612,sensor/Current frequency,0.007524,265.7612
2026-09-04T15:14:12.042206,sensor/Current frequency,0.009935,117.5931
2026-09-04T15:14:12.093451,sensor/Current frequency,0.010871,407.2133
2026-09-04T15:14:12.153156,sensor/Current frequency,0.012652,313.534
2026-09-04T15:14:12.210491,sensor/Current frequency,0.013624,158.0499
2026-09-04T15:14:12.254774,sensor/Current frequency,0.015073,112.6589
2026-09-04T15:14:12.311232,sensor/Current frequency,0.016723,120.3265
2026-09-04T15:14:12.365142,sensor/Current frequency,0.017387,156.11
2026-09-04T15:14:12.416889,sensor/Current frequency,0.018562,132.58
2026-09-04T15:14:12.465086,sensor/Current frequency,0.019077,147.8191
2026-09-04T15:14:12.518972,sensor/Current frequency,0.0197,166.5062
2026-09-04T15:14:12.572889,sensor/Current frequency,0.020326,154.0633
2026-09-04T15:14:12.625408,sensor/Current frequency,0.020493,167.6216
2026-09-04T15:14:12.678772,sensor/Current frequency,0.020805,77.47527
2026-09-04T15:14:12.730983,sensor/Current frequency,0.02109,122.5023
2026-09-04T15:14:12.789621,sensor/Current frequency,0.021334,153.1008
2026-09-04T15:14:12.842661,sensor/Current frequency,0.021822,123.9881
2026-09-04T15:14:12.896264,sensor/Current frequency,0.021906,204.8673
2026-09-04T15:14:12.946459,sensor/Current frequency,0.022194,165.0917
2026-09-04T15:14:12.996711,sensor/Current frequency,0.022052,435.0917
2026-09-04T15:14:13.051309,sensor/Current frequency,0.022249,292.4053
2026-09-04T15:14:13.104548,sensor/Current frequency,0.022173,203.3125
2026-09-04T15:14:13.164244,sensor/Current frequency,0.022753,214.9165
2026-09-04T15:14:13.211333,sensor/Current frequency,0.022944,150.9797
2026-09-04T15:14:13.269267,sensor/Current frequency,0.023101,226.6732
2026-09-04T15:14:13.315826,sensor/Current frequency,0.022936,185.8584
2026-09-04T15:14:13.374939,sensor/Current frequency,0.022961,165.2035
2026-09-04T15:14:13.434464,sensor/Current frequency,0.023005,238.7473
2026-09-04T15:14:13.476636,sensor/Current frequency,0.023425,178.8433
2026-09-04T15:14:13.547728,sensor/Current frequency,0.02349,222.1327
2026-09-04T15:14:13.585477,sensor/Current frequency,0.023856,191.207
2026-09-04T15:14:13.653055,sensor/Current frequency,0.023835,175.2071
2026-09-04T15:14:13.718230,sensor/Current frequency,0.023671,529.5972
2026-09-04T15:14:13.765437,sensor/Current frequency,0.023595,138.9143
2026-09-04T15:14:13.819675,sensor/Current frequency,0.023573,212.32
2026-09-04T15:14:13.847802,sensor/Current frequency,0.023502,232.1741
2026-09-04T15:14:13.905344,sensor/Current frequency,0.023306,369.5071
2026-09-04T15:14:13.954253,sensor/Current frequency,0.02376,199.8292
2026-09-04T15:14:14.006640,sensor/Current frequency,0.023744,750.726
2026-09-04T15:14:14.063387,sensor/Current frequency,0.023964,380.8521
2026-09-04T15:14:14.117752,sensor/Current frequency,0.024128,172.579
2026-09-04T15:14:14.165851,sensor/Current frequency,0.025044,465.238
2026-09-04T15:14:14.224494,sensor/Current frequency,0.025542,109.5664
2026-09-04T15:14:14.272931,sensor/Current frequency,0.025561,119.0168
2026-09-04T15:14:14.327910,sensor/Current frequency,0.025889,108.3527
2026-09-04T15:14:14.381958,sensor/Current frequency,0.026007,102.8827
2026-09-04T15:14:14.433675,sensor/Current frequency,0.026336,162.3647
2026-09-04T15:14:14.493119,sensor/Current frequency,0.026405,153.263
2026-09-04T15:14:14.540648,sensor/Current frequency,0.026668,111.2652
2026-09-04T15:14:14.601784,sensor/Current frequency,0.026704,420.3587
2026-09-04T15:14:14.646827,sensor/Current frequency,0.026836,424.9323
2026-09-04T15:14:14.704598,sensor/Current frequency,0.027025,103.5697
2026-09-04T15:14:14.763762,sensor/Current frequency,0.02714,114.0558
2026-09-04T15:14:14.805308,sensor/Current frequency,0.027298,616.8122
2026-09-04T15:14:14.868773,sensor/Current frequency,0.02744,94.10606
2026-09-04T15:14:14.915445,sensor/Current frequency,0.027477,113.2926
2026-09-04T15:14:15.006349,sensor/Current frequency,0.027938,190.1862
2026-09-04T15:14:15.020596,sensor/Current frequency,0.028004,218.2889
2026-09-04T15:14:15.077996,sensor/Current frequency,0.028018,116.746
2026-09-04T15:14:15.125015,sensor/Current frequency,0.028182,211.8265
2026-09-04T15:14:15.179178,sensor/Current frequency,0.028235,216.2776
2026-09-04T15:14:15.235105,sensor/Current frequency,0.027856,198.0746
2026-09-04T15:14:15.283785,sensor/Current frequency,0.027817,235.5052
2026-09-04T15:14:15.339283,sensor/Current frequency,0.027584,205.8725
2026-09-04T15:14:15.396784,sensor/Current frequency,0.027428,173.9553
2026-09-04T15:14:15.447782,sensor/Current frequency,0.027243,151.9587
2026-09-04T15:14:15.498595,sensor/Current frequency,0.027276,197.6295
2026-09-04T15:14:15.554158,sensor/Current frequency,0.027432,164.3447
2026-09-04T15:14:15.606779,sensor/Current frequency,0.027619,112.3833
2026-09-04T15:14:15.660740,sensor/Current frequency,0.027667,123.1145
2026-09-04T15:14:15.722965,sensor/Current frequency,0.027637,276.8793
2026-09-04T15:14:15.764421,sensor/Current frequency,0.027854,156.7306
2026-09-04T15:14:15.825049,sensor/Current frequency,0.027815,187.3699
2026-09-04T15:14:15.870691,sensor/Current frequency,0.02791,148.4602
2026-09-04T15:14:15.933294,sensor/Current frequency,0.02805,201.438
2026-09-04T15:14:15.979607,sensor/Current frequency,0.02811,200.7677
2026-09-04T15:14:16.033141,sensor/Current frequency,0.028327,201.7334
2026-09-04T15:14:16.096119,sensor/Current frequency,0.028319,105.6897
2026-09-04T15:14:16.139175,sensor/Current frequency,0.028618,180.1438
2026-09-04T15:14:16.197040,sensor/Current frequency,0.028967,128.2429
2026-09-04T15:14:16.241435,sensor/Current frequency,0.029506,132.1905
2026-09-04T15:14:16.305737,sensor/Current frequency,0.029924,99.30505
2026-09-04T15:14:16.349900,sensor/Current frequency,0.030245,182.9929
2026-09-04T15:14:16.407563,sensor/Current frequency,0.03049,87.78579
2026-09-04T15:14:16.463866,sensor/Current frequency,0.030754,186.8695
2026-09-04T15:14:16.512058,sensor/Current frequency,0.031026,144.8209
2026-09-04T15:14:16.567271,sensor/Current frequency,0.03129,181.6165
2026-09-04T15:14:16.614332,sensor/Current frequency,0.031434,182.1276
2026-09-04T15:14:16.668502,sensor/Current frequency,0.031838,208.0335
2026-09-04T15:14:16.727031,sensor/Current frequency,0.032001,225.1221
2026-09-04T15:14:16.782223,sensor/Current frequency,0.03248,633.2048
2026-09-04T15:14:16.829576,sensor/Current frequency,0.033055,175.0144
2026-09-04T15:14:16.886876,sensor/Current frequency,0.033152,83.14761
2026-09-04T15:14:16.933594,sensor/Current frequency,0.03338,128.7182
2026-09-04T15:14:16.992402,sensor/Current frequency,0.033823,93.9401
2026-09-04T15:14:17.038488,sensor/Current frequency,0.033762,200.6166
2026-09-04T15:14:17.093239,sensor/Current frequency,0.034047,176.9584
2026-09-04T15:14:17.157057,sensor/Current frequency,0.033958,195.3232
2026-09-04T15:14:17.200395,sensor/Current frequency,0.034043,128.6621
2026-09-04T15:14:17.259200,sensor/Current frequency,0.034089,82.05508
2026-09-04T15:14:17.305809,sensor/Current frequency,0.034377,640.5085
2026-09-04T15:14:17.361948,sensor/Current frequency,0.034049,135.4532
2026-09-04T15:14:17.413974,sensor/Current frequency,0.033779,238.4118
2026-09-04T15:14:17.465747,sensor/Current frequency,0.033543,154.5736
2026-09-04T15:14:17.528366,sensor/Current frequency,0.033615,148.1288
2026-09-04T15:14:17.572025,sensor/Current frequency,0.033304,217.0649
2026-09-04T15:14:17.636960,sensor/Current frequency,0.033297,100.7956
2026-09-04T15:14:17.677328,sensor/Current frequency,0.032957,209.7394
2026-09-04T15:14:17.739395,sensor/Current frequency,0.032795,130.4646
2026-09-04T15:14:17.783585,sensor/Current frequency,0.032672,148.7896
2026-09-04T15:14:17.842085,sensor/Current frequency,0.032164,178.7178
2026-09-04T15:14:17.890599,sensor/Current frequency,0.031928,136.9496
2026-09-04T15:14:17.946337,sensor/Current frequency,0.031436,223.1879
2026-09-04T15:14:17.997841,sensor/Current frequency,0.031037,164.2608
2026-09-04T15:14:18.050913,sensor/Current frequency,0.0309,151.3369
2026-09-04T15:14:18.110969,sensor/Current frequency,0.030689,127.558
2026-09-04T15:14:18.154613,sensor/Current frequency,0.030667,159.8011
2026-09-04T15:14:18.217136,sensor/Current frequency,0.030485,194.6755
2026-09-04T15:14:18.262941,sensor/Current frequency,0.030423,144.0172
2026-09-04T15:14:18.318700,sensor/Current frequency,0.030314,167.4283
2026-09-04T15:14:18.369621,sensor/Current frequency,0.030359,188.1797
2026-09-04T15:14:18.422533,sensor/Current frequency,0.030203,159.8621
2026-09-04T15:14:18.484316,sensor/Current frequency,0.030354,153.9601
2026-09-04T15:14:18.537954,sensor/Current frequency,0.03054,144.9087
2026-09-04T15:14:18.598971,sensor/Current frequency,0.030526,147.7276
2026-09-04T15:14:18.636341,sensor/Current frequency,0.030161,108.7663
2026-09-04T15:14:18.695459,sensor/Current frequency,0.030166,157.3209
2026-09-04T15:14:18.740489,sensor/Current frequency,0.030364,131.0495
2026-09-04T15:14:18.795104,sensor/Current frequency,0.030559,93.99689
2026-09-04T15:14:18.855560,sensor/Current frequency,0.030427,154.0416
2026-09-04T15:14:18.902911,sensor/Current frequency,0.030558,161.9061
2026-09-04T15:14:18.962076,sensor/Current frequency,0.030643,153.2268
2026-09-04T15:14:19.011299,sensor/Current frequency,0.030856,162.2976
2026-09-04T15:14:19.077244,sensor/Current frequency,0.031269,157.4642
2026-09-04T15:14:19.115027,sensor/Current frequency,0.031976,167.594
2026-09-04T15:14:19.170319,sensor/Current frequency,0.032235,85.37183
2026-09-04T15:14:19.221660,sensor/Current frequency,0.032186,193.7911
2026-09-04T15:14:19.278800,sensor/Current frequency,0.032191,113.5753
2026-09-04T15:14:19.332338,sensor/Current frequency,0.032145,146.6398
2026-09-04T15:14:19.380351,sensor/Current frequency,0.03182,431.6805
2026-09-04T15:14:19.445210,sensor/Current frequency,0.03176,207.7065
2026-09-04T15:14:19.487503,sensor/Current frequency,0.031638,118.0872
2026-09-04T15:14:19.543428,sensor/Current frequency,0.031836,771.7659
2026-09-04T15:14:19.591274,sensor/Current frequency,0.031951,781.3377
2026-09-04T15:14:19.648392,sensor/Current frequency,0.031653,219.6203
2026-09-04T15:14:19.701332,sensor/Current frequency,0.031681,200.4345
2026-09-04T15:14:19.751767,sensor/Current frequency,0.032201,216.0732
2026-09-04T15:14:19.817066,sensor/Current frequency,0.032506,492.5849
2026-09-04T15:14:19.859762,sensor/Current frequency,0.032772,166.5197
2026-09-04T15:14:19.920526,sensor/Current frequency,0.033385,208.3343
2026-09-04T15:14:19.967575,sensor/Current frequency,0.03351,119.6014
2026-09-04T15:14:20.023766,sensor/Current frequency,0.033833,132.1443
2026-09-04T15:14:20.071348,sensor/Current frequency,0.033947,140.025
2026-09-04T15:14:20.126643,sensor/Current frequency,0.033997,543.9467
2026-09-04T15:14:20.190808,sensor/Current frequency,0.034273,165.8386
2026-09-04T15:14:20.233249,sensor/Current frequency,0.034351,165.3554
2026-09-04T15:14:20.293401,sensor/Current frequency,0.034235,499.9763
2026-09-04T15:14:20.342436,sensor/Current frequency,0.034215,210.4118
2026-09-04T15:14:20.395726,sensor/Current frequency,0.034385,217.5436
2026-09-04T15:14:20.448906,sensor/Current frequency,0.034095,871.9553
2026-09-04T15:14:20.507389,sensor/Current frequency,0.034137,228.0574
2026-09-04T15:14:20.551997,sensor/Current frequency,0.033948,215.3534
2026-09-04T15:14:20.603386,sensor/Current frequency,0.033998,201.1806
2026-09-04T15:14:20.655773,sensor/Current frequency,0.034657,205.7267
2026-09-04T15:14:20.709509,sensor/Current frequency,0.034605,188.8973
2026-09-04T15:14:20.763944,sensor/Current frequency,0.034622,186.3752
2026-09-04T15:14:20.818763,sensor/Current frequency,0.034951,199.6205
2026-09-04T15:14:20.877462,sensor/Current frequency,0.034863,177.3264
2026-09-04T15:14:20.922120,sensor/Current frequency,0.034783,163.2707
2026-09-04T15:14:20.978733,sensor/Current frequency,0.03457,185.5967
2026-09-04T15:14:21.028261,sensor/Current frequency,0.034299,184.3133
2026-09-04T15:14:21.083805,sensor/Current frequency,0.034011,187.8459
2026-09-04T15:14:21.134683,sensor/Current frequency,0.034192,193.2898
2026-09-04T15:14:21.186358,sensor/Current frequency,0.034348,186.8091
2026-09-04T15:14:21.254806,sensor/Current frequency,0.034244,199.4281
2026-09-04T15:14:21.294812,sensor/Current frequency,0.034616,185.5714
2026-09-04T15:14:21.354247,sensor/Current frequency,0.034433,181.7319
2026-09-04T15:14:21.404629,sensor/Current frequency,0.034459,186.2533
2026-09-04T15:14:21.526212,sensor/Current frequency,0.034971,158.9191
2026-09-04T15:14:21.530526,sensor/Current frequency,0.034839,197.3678
2026-09-04T15:14:21.560409,sensor/Current frequency,0.034627,251.4764
2026-09-04T15:14:21.626125,sensor/Current frequency,0.034466,191.4556
2026-09-04T15:14:21.665219,sensor/Current frequency,0.033905,206.3927
2026-09-04T15:14:21.728672,sensor/Current frequency,0.033653,185.8784
2026-09-04T15:14:21.773627,sensor/Current frequency,0.033628,227.8293
2026-09-04T15:14:21.829371,sensor/Current frequency,0.033715,233.2591
2026-09-04T15:14:21.879419,sensor/Current frequency,0.033777,962.3935
2026-09-04T15:14:21.931918,sensor/Current frequency,0.033892,417.5084
2026-09-04T15:14:21.985715,sensor/Current frequency,0.034286,394.5375
2026-09-04T15:14:22.039484,sensor/Current frequency,0.034452,458.1482
2026-09-04T15:14:22.090375,sensor/Current frequency,0.034626,112.6898
2026-09-04T15:14:22.142143,sensor/Current frequency,0.034992,211.4614
2026-09-04T15:14:22.206010,sensor/Current frequency,0.035485,201.2436
2026-09-04T15:14:22.249705,sensor/Current frequency,0.035426,197.3704
2026-09-04T15:14:22.310676,sensor/Current frequency,0.035401,171.4918
2026-09-04T15:14:22.358792,sensor/Current frequency,0.035647,115.5728
2026-09-04T15:14:22.414431,sensor/Current frequency,0.035697,113.5356
2026-09-04T15:14:22.484344,sensor/Current frequency,0.03584,124.6116
2026-09-04T15:14:22.522433,sensor/Current frequency,0.035923,117.8504
2026-09-04T15:14:22.567648,sensor/Current frequency,0.036348,120.3178
2026-09-04T15:14:22.619597,sensor/Current frequency,0.036775,108.4979
2026-09-04T15:14:22.682483,sensor/Current frequency,0.036644,114.3715
2026-09-04T15:14:22.726458,sensor/Current frequency,0.036957,179.4919
2026-09-04T15:14:22.787154,sensor/Current frequency,0.036859,99.52216
2026-09-04T15:14:22.834380,sensor/Current frequency,0.036599,192.8813
2026-09-04T15:14:22.889158,sensor/Current frequency,0.036562,143.9058
2026-09-04T15:14:22.948933,sensor/Current frequency,0.036732,156.2226
2026-09-04T15:14:22.994261,sensor/Current frequency,0.037077,450.6638
2026-09-04T15:14:23.058101,sensor/Current frequency,0.037424,379.6482
2026-09-04T15:14:23.103581,sensor/Current frequency,0.037494,111.9625
2026-09-04T15:14:23.160534,sensor/Current frequency,0.03741,163.3884
2026-09-04T15:14:23.205267,sensor/Current frequency,0.037535,437.657
2026-09-04T15:14:23.263019,sensor/Current frequency,0.036971,503.5861
2026-09-04T15:14:23.322799,sensor/Current frequency,0.03712,226.2572
2026-09-04T15:14:23.366843,sensor/Current frequency,0.037065,133.5345
2026-09-04T15:14:23.449414,sensor/Current frequency,0.036879,186.9267
2026-09-04T15:14:23.473924,sensor/Current frequency,0.036651,418.0208
2026-09-04T15:14:23.532694,sensor/Current frequency,0.036895,190.8871
2026-09-04T15:14:23.577310,sensor/Current frequency,0.036717,123.6977
2026-09-04T15:14:23.632684,sensor/Current frequency,0.037356,157.9022
2026-09-04T15:14:23.692435,sensor/Current frequency,0.037444,268.3916
2026-09-04T15:14:23.737556,sensor/Current frequency,0.037464,229.2693
2026-09-04T15:14:23.795502,sensor/Current frequency,0.037942,99.76258
2026-09-04T15:14:23.846514,sensor/Current frequency,0.038119,111.3517
2026-09-04T15:14:23.909432,sensor/Current frequency,0.038645,187.5274
2026-09-04T15:14:23.951791,sensor/Current frequency,0.038941,157.8137
2026-09-04T15:14:24.015736,sensor/Current frequency,0.039066,131.2557
2026-09-04T15:14:24.058295,sensor/Current frequency,0.039261,116.0785
2026-09-04T15:14:24.115790,sensor/Current frequency,0.039613,770.6155
2026-09-04T15:14:24.164580,sensor/Current frequency,0.040339,183.345
2026-09-04T15:14:24.218419,sensor/Current frequency,0.040238,187.1687
2026-09-04T15:14:24.287113,sensor/Current frequency,0.040633,135.0732
2026-09-04T15:14:24.324487,sensor/Current frequency,0.040968,384.0117
2026-09-04T15:14:24.383563,sensor/Current frequency,0.041682,210.3804
2026-09-04T15:14:24.431953,sensor/Current frequency,0.041893,149.4023
2026-09-04T15:14:24.491936,sensor/Current frequency,0.041939,176.3378
2026-09-04T15:14:24.535536,sensor/Current frequency,0.042521,185.8312
2026-09-04T15:14:24.607483,sensor/Current frequency,0.042713,200.0211
2026-09-04T15:14:24.644714,sensor/Current frequency,0.043142,187.7116
2026-09-04T15:14:24.696592,sensor/Current frequency,0.043477,418.0807
2026-09-04T15:14:24.799001,sensor/Current frequency,0.043479,252.7009
2026-09-04T15:14:24.807198,sensor/Current frequency,0.044929,262.447
2026-09-04T15:14:24.880075,sensor/Current frequency,0.045332,525.1985
2026-09-04T15:14:24.956678,sensor/Current frequency,0.047236,442.0722
2026-09-04T15:14:24.964367,sensor/Current frequency,0.05181,449.0085
2026-09-04T15:14:25.010456,sensor/Current frequency,0.059132,120.1513
2026-09-04T15:14:25.066458,sensor/Current frequency,0.062536,2001.964
2026-09-04T15:14:25.115096,sensor/Current frequency,0.068284,2003.881
2026-09-04T15:14:25.170614,sensor/Current frequency,0.070885,2003.112
2026-09-04T15:14:25.245310,sensor/Current frequency,0.074921,2003.1
2026-09-04T15:14:25.280411,sensor/Current frequency,0.078851,2006.658
2026-09-04T15:14:25.328468,sensor/Current frequency,0.077644,1998.245
2026-09-04T15:14:25.379915,sensor/Current frequency,0.075421,186.8989
2026-09-04T15:14:25.432897,sensor/Current frequency,0.074275,2008.001
2026-09-04T15:14:25.483593,sensor/Current frequency,0.072144,210.9097
2026-09-04T15:14:25.546391,sensor/Current frequency,0.071008,567.3591
2026-09-04T15:14:25.594758,sensor/Current frequency,0.069558,431.1088
2026-09-04T15:14:25.650877,sensor/Current frequency,0.068282,228.8084
2026-09-04T15:14:25.697981,sensor/Current frequency,0.067645,217.9928
2026-09-04T15:14:25.755585,sensor/Current frequency,0.066323,464.5798
2026-09-04T15:14:25.804369,sensor/Current frequency,0.06579,461.5013
2026-09-04T15:14:25.859708,sensor/Current frequency,0.065159,478.2528
2026-09-04T15:14:25.920212,sensor/Current frequency,0.064864,356.0525
2026-09-04T15:14:25.962586,sensor/Current frequency,0.069609,164.5548
2026-09-04T15:14:26.028109,sensor/Current frequency,0.074135,2007.0
2026-09-04T15:14:26.072192,sensor/Current frequency,0.076902,2002.987
2026-09-04T15:14:26.126050,sensor/Current frequency,0.080913,2003.988
2026-09-04T15:14:26.181348,sensor/Current frequency,0.082199,2003.32
2026-09-04T15:14:26.353406,sensor/Current frequency,0.084536,2003.586
2026-09-04T15:14:26.365882,sensor/Current frequency,0.086234,2013.311
2026-09-04T15:14:26.366303,sensor/Current frequency,0.084918,208.9753
2026-09-04T15:14:26.509881,sensor/Current frequency,0.082701,186.1939
2026-09-04T15:14:26.510356,sensor/Current frequency,0.080594,216.4346
2026-09-04T15:14:26.510962,sensor/Current frequency,0.078412,145.889
2026-09-04T15:14:26.581907,sensor/Current frequency,0.077064,248.9831
2026-09-04T15:14:26.740302,sensor/Current frequency,0.076442,258.9738
2026-09-04T15:14:26.740608,sensor/Current frequency,0.07534,101.0578
2026-09-04T15:14:26.755694,sensor/Current frequency,0.074324,159.1313
2026-09-04T15:14:26.805055,sensor/Current frequency,0.073241,197.0101
2026-09-04T15:14:26.985209,sensor/Current frequency,0.072847,446.2966
2026-09-04T15:14:27.077230,sensor/Current frequency,0.072775,285.5676
2026-09-04T15:14:27.077779,sensor/Current frequency,0.076964,221.7212
2026-09-04T15:14:27.078044,sensor/Current frequency,0.079075,238.8403
2026-09-04T15:14:27.282225,sensor/Current frequency,0.082739,2003.813
2026-09-04T15:14:27.282490,sensor/Current frequency,0.086029,2004.059
2026-09-04T15:14:27.286403,sensor/Current frequency,0.089255,2003.238
2026-09-04T15:14:27.287239,sensor/Current frequency,0.092233,2003.72
2026-09-04T15:14:27.425500,sensor/Current frequency,0.091853,232.9129
2026-09-04T15:14:27.432770,sensor/Current frequency,0.091116,481.9355
2026-09-04T15:14:27.433392,sensor/Current frequency,0.089088,486.9249
2026-09-04T15:14:27.467719,sensor/Current frequency,0.087124,208.6526
2026-09-04T15:14:27.595711,sensor/Current frequency,0.086007,190.2339
2026-09-04T15:14:27.596363,sensor/Current frequency,0.084549,172.1151
2026-09-04T15:14:27.743219,sensor/Current frequency,0.084203,184.5573
2026-09-04T15:14:27.743487,sensor/Current frequency,0.083248,224.9418
2026-09-04T15:14:27.743683,sensor/Current frequency,0.082145,220.627
2026-09-04T15:14:28.040248,sensor/Current frequency,0.081313,149.1889
2026-09-04T15:14:28.040871,sensor/Current frequency,0.080541,162.8996
2026-09-04T15:14:28.041370,sensor/Current frequency,0.080079,222.2368
2026-09-04T15:14:28.041562,sensor/Current frequency,0.085594,117.1417
2026-09-04T15:14:28.049601,sensor/Current frequency,0.086656,432.4513
2026-09-04T15:14:28.077477,sensor/Current frequency,0.090227,2004.125
2026-09-04T15:14:28.349317,sensor/Current frequency,0.09178,2003.655
2026-09-04T15:14:28.349817,sensor/Current frequency,0.094063,2002.941
2026-09-04T15:14:28.350144,sensor/Current frequency,0.096144,2003.968
2026-09-04T15:14:28.517613,sensor/Current frequency,0.097856,2016.313
2026-09-04T15:14:28.517920,sensor/Current frequency,0.0959,163.1616
2026-09-04T15:14:28.524266,sensor/Current frequency,0.094026,441.3815
2026-09-04T15:14:28.524634,sensor/Current frequency,0.093524,456.5807
2026-09-04T15:14:28.654423,sensor/Current frequency,0.092594,316.2122
2026-09-04T15:14:28.659046,sensor/Current frequency,0.091971,152.9053
2026-09-04T15:14:28.659406,sensor/Current frequency,0.090606,442.338
2026-09-04T15:14:28.698280,sensor/Current frequency,0.089785,131.4538
2026-09-04T15:14:28.826065,sensor/Current frequency,0.088145,1103.049
2026-09-04T15:14:28.826752,sensor/Current frequency,0.086511,145.8465
2026-09-04T15:14:28.971892,sensor/Current frequency,0.085916,206.5238
2026-09-04T15:14:28.972265,sensor/Current frequency,0.084529,385.9177
2026-09-04T15:14:28.975965,sensor/Current frequency,0.084063,159.118
2026-09-04T15:14:29.132741,sensor/Current frequency,0.083285,197.5312
2026-09-04T15:14:29.133673,sensor/Current frequency,0.083353,125.2333
2026-09-04T15:14:29.133877,sensor/Current frequency,0.083137,866.3647
2026-09-04T15:14:29.274472,sensor/Current frequency,0.082226,182.394
2026-09-04T15:14:29.274835,sensor/Current frequency,0.082993,128.5292
2026-09-04T15:14:29.298086,sensor/Current frequency,0.082442,200.3546
2026-09-04T15:14:29.440932,sensor/Current frequency,0.082345,156.6486
2026-09-04T15:14:29.444617,sensor/Current frequency,0.082362,154.9366
2026-09-04T15:14:29.446913,sensor/Current frequency,0.082885,180.8087
2026-09-04T15:14:29.584189,sensor/Current frequency,0.083291,1090.219
2026-09-04T15:14:29.584511,sensor/Current frequency,0.082985,245.4466
2026-09-04T15:14:29.606735,sensor/Current frequency,0.083014,123.7089
2026-09-04T15:14:29.744511,sensor/Current frequency,0.082733,1087.023
2026-09-04T15:14:29.745002,sensor/Current frequency,0.082841,214.7701
2026-09-04T15:14:29.884911,sensor/Current frequency,0.08245,419.3132
2026-09-04T15:14:29.889980,sensor/Current frequency,0.082295,231.9218
2026-09-04T15:14:29.890587,sensor/Current frequency,0.082277,193.7554
2026-09-04T15:14:29.925137,sensor/Current frequency,0.081909,145.713
2026-09-04T15:14:30.059286,sensor/Current frequency,0.081817,221.7735
2026-09-04T15:14:30.059635,sensor/Current frequency,0.080796,220.673
2026-09-04T15:14:30.215290,sensor/Current frequency,0.07951,181.5983
2026-09-04T15:14:30.215647,sensor/Current frequency,0.079114,191.1743
2026-09-04T15:14:30.215805,sensor/Current frequency,0.076827,204.5547
2026-09-04T15:14:30.366336,sensor/Current frequency,0.076295,419.334
2026-09-04T15:14:30.366611,sensor/Current frequency,0.075581,134.9702
2026-09-04T15:14:30.368533,sensor/Current frequency,0.074534,161.7211
2026-09-04T15:14:30.426506,sensor/Current frequency,0.073598,445.636
2026-09-04T15:14:30.484951,sensor/Current frequency,0.072706,375.0887
2026-09-04T15:14:30.536278,sensor/Current frequency,0.071665,187.2141
2026-09-04T15:14:30.590379,sensor/Current frequency,0.071107,165.8446
2026-09-04T15:14:30.642119,sensor/Current frequency,0.070382,102.2885
2026-09-04T15:14:30.698562,sensor/Current frequency,0.069694,215.1204
2026-09-04T15:14:30.748658,sensor/Current frequency,0.06911,221.4493
2026-09-04T15:14:30.803848,sensor/Current frequency,0.068126,215.4927
2026-09-04T15:14:30.854666,sensor/Current frequency,0.067563,192.7417
2026-09-04T15:14:30.908670,sensor/Current frequency,0.06597,155.8743
2026-09-04T15:14:30.970388,sensor/Current frequency,0.065002,373.1211
2026-09-04T15:14:31.016162,sensor/Current frequency,0.064502,197.0317
2026-09-04T15:14:31.074197,sensor/Current frequency,0.063409,129.114
2026-09-04T15:14:31.122386,sensor/Current frequency,0.062686,195.7064
2026-09-04T15:14:31.190639,sensor/Current frequency,0.062103,128.2307
2026-09-04T15:14:31.237950,sensor/Current frequency,0.061025,194.3302
2026-09-04T15:14:31.283230,sensor/Current frequency,0.060825,134.6007
2026-09-04T15:14:31.346848,sensor/Current frequency,0.060702,613.1044
2026-09-04T15:14:31.389819,sensor/Current frequency,0.060768,695.7734
2026-09-04T15:14:31.444952,sensor/Current frequency,0.060622,315.0931
2026-09-04T15:14:31.494283,sensor/Current frequency,0.061422,118.1308
2026-09-04T15:14:31.551036,sensor/Current frequency,0.061128,336.8384
2026-09-04T15:14:31.606372,sensor/Current frequency,0.06141,119.9825
2026-09-04T15:14:31.656305,sensor/Current frequency,0.061291,234.516
2026-09-04T15:14:31.711304,sensor/Current frequency,0.060564,659.8989
2026-09-04T15:14:31.770105,sensor/Current frequency,0.061102,662.3344
2026-09-04T15:14:31.822607,sensor/Current frequency,0.061248,657.4256
2026-09-04T15:14:31.872589,sensor/Current frequency,0.061388,300.1241
2026-09-04T15:14:31.925163,sensor/Current frequency,0.061519,284.2582
2026-09-04T15:14:31.975271,sensor/Current frequency,0.061505,1329.937
2026-09-04T15:14:32.030382,sensor/Current frequency,0.061505,286.9202
2026-09-04T15:14:32.084517,sensor/Current frequency,0.061282,268.5166
2026-09-04T15:14:32.134274,sensor/Current frequency,0.060649,305.9118
2026-09-04T15:14:32.196342,sensor/Current frequency,0.060137,307.1841
2026-09-04T15:14:32.242452,sensor/Current frequency,0.059344,341.319
2026-09-04T15:14:32.302763,sensor/Current frequency,0.058783,650.1729
2026-09-04T15:14:32.349699,sensor/Current frequency,0.058128,325.4658
2026-09-04T15:14:32.405055,sensor/Current frequency,0.057074,140.5954
2026-09-04T15:14:32.465903,sensor/Current frequency,0.056635,385.0492
2026-09-04T15:14:32.509959,sensor/Current frequency,0.055817,688.9994
2026-09-04T15:14:32.570324,sensor/Current frequency,0.054837,353.1546
2026-09-04T15:14:32.614331,sensor/Current frequency,0.054016,193.6546
2026-09-04T15:14:32.675343,sensor/Current frequency,0.052629,182.5091
2026-09-04T15:14:32.721487,sensor/Current frequency,0.052182,204.4866
2026-09-04T15:14:32.778119,sensor/Current frequency,0.0521,96.25129
2026-09-04T15:14:32.828956,sensor/Current frequency,0.052283,379.551
2026-09-04T15:14:32.888915,sensor/Current frequency,0.052639,325.2602
2026-09-04T15:14:32.941359,sensor/Current frequency,0.052605,276.8191
2026-09-04T15:14:32.999004,sensor/Current frequency,0.053487,191.5887
2026-09-04T15:14:33.046836,sensor/Current frequency,0.053249,2958.536
2026-09-04T15:14:33.103761,sensor/Current frequency,0.053636,319.9287
2026-09-04T15:14:33.157320,sensor/Current frequency,0.054597,606.8692
2026-09-04T15:14:33.221655,sensor/Current frequency,0.054024,304.3726
2026-09-04T15:14:33.258826,sensor/Current frequency,0.053576,220.7071
2026-09-04T15:14:33.312285,sensor/Current frequency,0.05262,2379.25
2026-09-04T15:14:33.371034,sensor/Current frequency,0.05182,212.9788
2026-09-04T15:14:33.426304,sensor/Current frequency,0.051374,96.04667
2026-09-04T15:14:33.471902,sensor/Current frequency,0.051039,103.052
2026-09-04T15:14:33.735701,sensor/Current frequency,0.050384,84.45595
2026-09-04T15:14:33.735911,sensor/Current frequency,0.049545,180.3541
2026-09-04T15:14:33.736060,sensor/Current frequency,0.048656,125.0773
2026-09-04T15:14:33.736219,sensor/Current frequency,0.047514,186.0232
2026-09-04T15:14:33.767482,sensor/Current frequency,0.0465,163.5104
2026-09-04T15:14:33.817852,sensor/Current frequency,0.045958,180.3344
2026-09-04T15:14:33.872257,sensor/Current frequency,0.045227,240.0887
2026-09-04T15:14:33.925990,sensor/Current frequency,0.044667,206.0475
2026-09-04T15:14:33.977378,sensor/Current frequency,0.043881,84.6037
2026-09-04T15:14:34.041356,sensor/Current frequency,0.043256,225.9464
2026-09-04T15:14:34.088997,sensor/Current frequency,0.043303,173.1178
2026-09-04T15:14:34.146431,sensor/Current frequency,0.042919,160.0809
2026-09-04T15:14:34.192515,sensor/Current frequency,0.042983,90.98695
2026-09-04T15:14:34.249278,sensor/Current frequency,0.042747,94.55461
2026-09-04T15:14:34.297318,sensor/Current frequency,0.042299,323.7623
2026-09-04T15:14:34.352876,sensor/Current frequency,0.041998,107.8394
2026-09-04T15:14:34.413722,sensor/Current frequency,0.041286,397.4359
2026-09-04T15:14:34.458304,sensor/Current frequency,0.041214,103.1212
2026-09-04T15:14:34.515236,sensor/Current frequency,0.04072,194.0168
2026-09-04T15:14:34.563335,sensor/Current frequency,0.039974,198.099
2026-09-04T15:14:34.620854,sensor/Current frequency,0.039853,185.7628
2026-09-04T15:14:34.673457,sensor/Current frequency,0.039208,346.4195
2026-09-04T15:14:34.722935,sensor/Current frequency,0.03881,204.0512
2026-09-04T15:14:34.775464,sensor/Current frequency,0.038286,314.998
2026-09-04T15:14:34.829072,sensor/Current frequency,0.038173,198.3152
2026-09-04T15:14:34.884722,sensor/Current frequency,0.037857,208.0457
2026-09-04T15:14:34.945056,sensor/Current frequency,0.037623,429.5132
2026-09-04T15:14:35.000355,sensor/Current frequency,0.037494,181.8486
2026-09-04T15:14:35.046908,sensor/Current frequency,0.037014,200.4507
2026-09-04T15:14:35.100034,sensor/Current frequency,0.036747,872.8534
2026-09-04T15:14:35.151195,sensor/Current frequency,0.036531,201.9833
2026-09-04T15:14:35.202386,sensor/Current frequency,0.036632,207.5711
2026-09-04T15:14:35.254402,sensor/Current frequency,0.036507,221.665
2026-09-04T15:14:35.310202,sensor/Current frequency,0.036485,163.8696
2026-09-04T15:14:35.371929,sensor/Current frequency,0.036199,241.6706
2026-09-04T15:14:35.414120,sensor/Current frequency,0.036127,190.068
2026-09-04T15:14:35.479130,sensor/Current frequency,0.035601,196.8603
2026-09-04T15:14:35.538515,sensor/Current frequency,0.035697,212.768
2026-09-04T15:14:35.584472,sensor/Current frequency,0.035585,115.6687
2026-09-04T15:14:35.643468,sensor/Current frequency,0.035596,220.7219
2026-09-04T15:14:35.693321,sensor/Current frequency,0.035577,138.1653
2026-09-04T15:14:35.745122,sensor/Current frequency,0.035773,212.5209
2026-09-04T15:14:35.798440,sensor/Current frequency,0.035987,207.5738
2026-09-04T15:14:35.858669,sensor/Current frequency,0.035852,196.0861
2026-09-04T15:14:35.906302,sensor/Current frequency,0.035679,236.8046
2026-09-04T15:14:35.961141,sensor/Current frequency,0.035729,106.8347
2026-09-04T15:14:36.014456,sensor/Current frequency,0.035477,219.9945
2026-09-04T15:14:36.064805,sensor/Current frequency,0.03592,443.8393
2026-09-04T15:14:36.122648,sensor/Current frequency,0.035985,1107.052
2026-09-04T15:14:36.172376,sensor/Current frequency,0.035891,213.7153
2026-09-04T15:14:36.227734,sensor/Current frequency,0.036221,92.83945
2026-09-04T15:14:36.277370,sensor/Current frequency,0.036134,62.01067
2026-09-04T15:14:36.332947,sensor/Current frequency,0.036286,84.99543
2026-09-04T15:14:36.394333,sensor/Current frequency,0.036637,85.47263
2026-09-04T15:14:36.436190,sensor/Current frequency,0.036803,215.3459
2026-09-04T15:14:36.496597,sensor/Current frequency,0.036829,193.9955
2026-09-04T15:14:36.545451,sensor/Current frequency,0.036487,125.0149
2026-09-04T15:14:36.601949,sensor/Current frequency,0.036261,403.2047
2026-09-04T15:14:36.649164,sensor/Current frequency,0.036041,99.46574
2026-09-04T15:14:36.705920,sensor/Current frequency,0.036241,79.32332
2026-09-04T15:14:36.753649,sensor/Current frequency,0.03612,119.0172
2026-09-04T15:14:36.811039,sensor/Current frequency,0.035892,216.1304
2026-09-04T15:14:36.866217,sensor/Current frequency,0.035591,185.8687
2026-09-04T15:14:36.913514,sensor/Current frequency,0.035442,162.009
2026-09-04T15:14:36.973279,sensor/Current frequency,0.035503,86.24371
2026-09-04T15:14:37.018324,sensor/Current frequency,0.035412,873.305
2026-09-04T15:14:37.075683,sensor/Current frequency,0.035474,93.38618
2026-09-04T15:14:37.124322,sensor/Current frequency,0.035128,227.7939
2026-09-04T15:14:37.178156,sensor/Current frequency,0.034425,224.7955
2026-09-04T15:14:37.231133,sensor/Current frequency,0.034407,372.9864
2026-09-04T15:14:37.283520,sensor/Current frequency,0.033941,189.9128
2026-09-04T15:14:37.340649,sensor/Current frequency,0.033812,187.0322
2026-09-04T15:14:37.394782,sensor/Current frequency,0.0334,876.678
2026-09-04T15:14:37.455822,sensor/Current frequency,0.033158,235.1451
2026-09-04T15:14:37.497157,sensor/Current frequency,0.032796,209.8341
2026-09-04T15:14:37.561391,sensor/Current frequency,0.032512,181.8731
2026-09-04T15:14:37.605866,sensor/Current frequency,0.032497,99.00366
2026-09-04T15:14:37.665499,sensor/Current frequency,0.033112,93.56705
2026-09-04T15:14:37.711437,sensor/Current frequency,0.033067,227.1517
2026-09-04T15:14:37.763236,sensor/Current frequency,0.033383,93.40128
2026-09-04T15:14:37.830827,sensor/Current frequency,0.03396,90.37074
2026-09-04T15:14:37.900396,sensor/Current frequency,0.033911,158.8488
2026-09-04T15:14:37.968218,sensor/Current frequency,0.034447,1120.846
2026-09-04T15:14:37.973621,sensor/Current frequency,0.034383,1106.092
2026-09-04T15:14:38.035579,sensor/Current frequency,0.034345,94.69109
2026-09-04T15:14:38.081183,sensor/Current frequency,0.03433,89.81602
2026-09-04T15:14:38.135478,sensor/Current frequency,0.033945,227.0015
2026-09-04T15:14:38.200931,sensor/Current frequency,0.033558,419.8232
2026-09-04T15:14:38.241030,sensor/Current frequency,0.033765,94.41982
2026-09-04T15:14:38.303406,sensor/Current frequency,0.033537,234.3387
2026-09-04T15:14:38.348879,sensor/Current frequency,0.033608,1117.143
2026-09-04T15:14:38.407316,sensor/Current frequency,0.033248,623.5509
2026-09-04T15:14:38.458227,sensor/Current frequency,0.0331,181.7695
2026-09-04T15:14:38.512844,sensor/Current frequency,0.033149,82.49622
2026-09-04T15:14:38.560096,sensor/Current frequency,0.032929,911.1422
2026-09-04T15:14:38.613445,sensor/Current frequency,0.032893,396.3482
2026-09-04T15:14:38.678252,sensor/Current frequency,0.032555,112.3983
2026-09-04T15:14:38.720378,sensor/Current frequency,0.032153,217.4213
2026-09-04T15:14:38.831802,sensor/Current frequency,0.031726,409.8155
2026-09-04T15:14:38.871330,sensor/Current frequency,0.031867,149.5776
2026-09-04T15:14:38.888766,sensor/Current frequency,0.031885,190.647
2026-09-04T15:14:38.930799,sensor/Current frequency,0.031917,213.8037
2026-09-04T15:14:38.993496,sensor/Current frequency,0.032122,219.5115
2026-09-04T15:14:39.042258,sensor/Current frequency,0.032221,939.7668
2026-09-04T15:14:39.093676,sensor/Current frequency,0.032085,95.11065
2026-09-04T15:14:39.155117,sensor/Current frequency,0.032328,177.9462
2026-09-04T15:14:39.200825,sensor/Current frequency,0.031901,220.6989
2026-09-04T15:14:39.259521,sensor/Current frequency,0.032063,113.5595
2026-09-04T15:14:39.310994,sensor/Current frequency,0.031927,91.28212
2026-09-04T15:14:39.363724,sensor/Current frequency,0.03196,98.21445
2026-09-04T15:14:39.415135,sensor/Current frequency,0.032774,72.1945
2026-09-04T15:14:39.471708,sensor/Current frequency,0.032712,926.4286
2026-09-04T15:14:39.531719,sensor/Current frequency,0.033472,1063.007
2026-09-04T15:14:39.577549,sensor/Current frequency,0.033617,587.9203
2026-09-04T15:14:39.638888,sensor/Current frequency,0.033572,1048.2
2026-09-04T15:14:39.683643,sensor/Current frequency,0.033277,213.8044
2026-09-04T15:14:39.738825,sensor/Current frequency,0.03308,196.6521
2026-09-04T15:14:39.790504,sensor/Current frequency,0.033083,97.71812
2026-09-04T15:14:39.846038,sensor/Current frequency,0.032955,95.22968
2026-09-04T15:14:39.915194,sensor/Current frequency,0.032648,166.5649
2026-09-04T15:14:39.950254,sensor/Current frequency,0.032392,145.6742
2026-09-04T15:14:40.003608,sensor/Current frequency,0.03205,409.3829
2026-09-04T15:14:40.057418,sensor/Current frequency,0.031819,405.2868
2026-09-04T15:14:40.110279,sensor/Current frequency,0.031295,153.9842
2026-09-04T15:14:40.167838,sensor/Current frequency,0.030804,150.7809
2026-09-04T15:14:40.226201,sensor/Current frequency,0.030876,185.3076
2026-09-04T15:14:40.270416,sensor/Current frequency,0.030329,543.537
2026-09-04T15:14:40.331916,sensor/Current frequency,0.030426,174.2397
2026-09-04T15:14:40.373208,sensor/Current frequency,0.02997,563.8731
2026-09-04T15:14:40.428535,sensor/Current frequency,0.029392,129.6499
2026-09-04T15:14:40.510376,sensor/Current frequency,0.029071,417.0727
2026-09-04T15:14:40.533134,sensor/Current frequency,0.028672,187.2295
2026-09-04T15:14:40.592907,sensor/Current frequency,0.02854,374.0449
2026-09-04T15:14:40.640077,sensor/Current frequency,0.028083,162.9184
2026-09-04T15:14:40.695426,sensor/Current frequency,0.027551,229.0815
2026-09-04T15:14:40.755393,sensor/Current frequency,0.02736,410.3753
2026-09-04T15:14:40.799394,sensor/Current frequency,0.026785,359.1705
2026-09-04T15:14:40.861925,sensor/Current frequency,0.026742,90.58302
2026-09-04T15:14:40.907456,sensor/Current frequency,0.026435,419.3707
2026-09-04T15:14:40.964092,sensor/Current frequency,0.026235,192.5147
2026-09-04T15:14:41.010915,sensor/Current frequency,0.026093,156.4062
2026-09-04T15:14:41.068517,sensor/Current frequency,0.026084,223.7954
2026-09-04T15:14:41.122810,sensor/Current frequency,0.026017,315.9283
2026-09-04T15:14:41.174641,sensor/Current frequency,0.02572,136.0009
2026-09-04T15:14:41.226308,sensor/Current frequency,0.025904,598.8031
2026-09-04T15:14:41.278148,sensor/Current frequency,0.025727,182.7394
2026-09-04T15:14:41.345704,sensor/Current frequency,0.02581,181.2618
2026-09-04T15:14:41.412458,sensor/Current frequency,0.025992,225.4215
2026-09-04T15:14:41.448398,sensor/Current frequency,0.025522,251.3541
2026-09-04T15:14:41.514047,sensor/Current frequency,0.025661,188.108
2026-09-04T15:14:41.551595,sensor/Current frequency,0.025342,183.4082
2026-09-04T15:14:41.601145,sensor/Current frequency,0.025189,531.1807
2026-09-04T15:14:41.656879,sensor/Current frequency,0.0,350.2148
2026-09-04T15:14:41.702272,sensor/Current frequency,0.0,157.0417
2026-09-04T15:14:41.761784,sensor/Current frequency,0.0,112.4956
2026-09-04T15:14:41.820839,sensor/Current frequency,0.0,426.3738
2026-09-04T15:14:41.865618,sensor/Current frequency,0.0,182.9147
2026-09-04T15:14:41.924489,sensor/Current frequency,0.0,67.1849
2026-09-04T15:14:41.967742,sensor/Current frequency,0.0,206.1313
2026-09-04T15:14:42.030712,sensor/Current frequency,0.0,338.7221
2026-09-04T15:14:42.076722,sensor/Current frequency,0.0,130.317
2026-09-04T15:14:42.129090,sensor/Current frequency,0.0,112.4146
2026-09-04T15:14:42.188081,sensor/Current frequency,0.0,184.0893
2026-09-04T15:14:42.235782,sensor/Current frequency,0.0,199.1772
2026-09-04T15:14:42.297340,sensor/Current frequency,0.0,439.4104
2026-09-04T15:14:42.339715,sensor/Current frequency,0.0,818.0951
2026-09-04T15:14:42.398078,sensor/Current frequency,0.0,210.6298
2026-09-04T15:14:42.442341,sensor/Current frequency,0.0,1479.727
2026-09-04T15:14:42.499069,sensor/Current frequency,0.0,155.7561
2026-09-04T15:14:42.553716,sensor/Current frequency,0.0,185.2928
2026-09-04T15:14:42.602673,sensor/Current frequency,0.0,217.1344
2026-09-04T15:14:42.657267,sensor/Current frequency,0.0,124.156
2026-09-04T15:14:42.710634,sensor/Current frequency,0.0,490.2363
2026-09-04T15:14:42.762393,sensor/Current frequency,0.0,96.58437
2026-09-04T15:14:42.818118,sensor/Current frequency,0.0,519.2902
2026-09-04T15:14:42.875826,sensor/Current frequency,0.006988,92.11506
2026-09-04T15:14:42.924550,sensor/Current frequency,0.01017,162.026
2026-09-04T15:14:42.977283,sensor/Current frequency,0.011872,114.0179
2026-09-04T15:14:43.031439,sensor/Current frequency,0.012823,470.7888
2026-09-04T15:14:43.088026,sensor/Current frequency,0.0,84.03998
2026-09-04T15:14:43.146958,sensor/Current frequency,0.0,90.12559
2026-09-04T15:14:43.191645,sensor/Current frequency,0.006536,99.61948
2026-09-04T15:14:43.253284,sensor/Current frequency,0.010465,90.96024
2026-09-04T15:14:43.295473,sensor/Current frequency,0.01186,163.6834
2026-09-04T15:14:43.356716,sensor/Current frequency,0.014797,80.30714
2026-09-04T15:14:43.398960,sensor/Current frequency,0.015931,128.4997
2026-09-04T15:14:43.460471,sensor/Current frequency,0.017845,162.1967
2026-09-04T15:14:43.508603,sensor/Current frequency,0.018663,76.65813
2026-09-04T15:14:43.559466,sensor/Current frequency,0.019633,95.09761
2026-09-04T15:14:43.620666,sensor/Current frequency,0.020394,96.50125
2026-09-04T15:14:43.667653,sensor/Current frequency,0.020705,185.0624
2026-09-04T15:14:43.728605,sensor/Current frequency,0.021818,99.71093
2026-09-04T15:14:43.775764,sensor/Current frequency,0.02211,808.6949
2026-09-04T15:14:43.832614,sensor/Current frequency,0.023104,409.44
2026-09-04T15:14:43.880408,sensor/Current frequency,0.023963,360.4722
2026-09-04T15:14:43.935642,sensor/Current frequency,0.024628,3088.158
2026-09-04T15:14:43.989199,sensor/Current frequency,0.025521,115.5562
2026-09-04T15:14:44.040437,sensor/Current frequency,0.025838,111.8497
2026-09-04T15:14:44.103105,sensor/Current frequency,0.02596,154.7766
2026-09-04T15:14:44.146821,sensor/Current frequency,0.026016,490.8273
2026-09-04T15:14:44.207162,sensor/Current frequency,0.026245,77.63744
2026-09-04T15:14:44.301621,sensor/Current frequency,0.026274,177.6161
2026-09-04T15:14:44.317531,sensor/Current frequency,0.026314,76.45105
2026-09-04T15:14:44.362543,sensor/Current frequency,0.026718,231.9788
2026-09-04T15:14:44.413740,sensor/Current frequency,0.026736,127.8421
2026-09-04T15:14:44.466487,sensor/Current frequency,0.026716,287.2013
2026-09-04T15:14:44.556736,sensor/Current frequency,0.026867,103.504
2026-09-04T15:14:44.579103,sensor/Current frequency,0.026877,74.37184
2026-09-04T15:14:44.626062,sensor/Current frequency,0.02679,72.38844
2026-09-04T15:14:44.687041,sensor/Current frequency,0.026861,90.8808
2026-09-04T15:14:44.739139,sensor/Current frequency,0.027098,532.6047
2026-09-04T15:14:44.795645,sensor/Current frequency,0.0,104.641
2026-09-04T15:14:44.839441,sensor/Current frequency,0.0,64.17578
2026-09-04T15:14:44.893456,sensor/Current frequency,0.0,259.348
2026-09-04T15:14:44.953916,sensor/Current frequency,0.0,218.4313
2026-09-04T15:14:44.997160,sensor/Current frequency,0.0,114.5785
2026-09-04T15:14:45.060105,sensor/Current frequency,0.0,243.1195
2026-09-04T15:14:45.104043,sensor/Current frequency,0.0,178.0135
2026-09-04T15:14:45.169486,sensor/Current frequency,0.0,125.1466
2026-09-04T15:14:45.213921,sensor/Current frequency,0.0,119.9034
2026-09-04T15:14:45.265949,sensor/Current frequency,0.0,105.7137
2026-09-04T15:14:45.316110,sensor/Current frequency,0.0,422.7887
2026-09-04T15:14:45.371199,sensor/Current frequency,0.0,264.1662
2026-09-04T15:14:45.435813,sensor/Current frequency,0.0,277.3491
2026-09-04T15:14:45.475381,sensor/Current frequency,0.0,264.345
2026-09-04T15:14:45.533546,sensor/Current frequency,0.0,123.6136
2026-09-04T15:14:45.582235,sensor/Current frequency,0.0,184.9925
2026-09-04T15:14:45.642383,sensor/Current frequency,0.0,105.6979
2026-09-04T15:14:45.690937,sensor/Current frequency,0.0,100.3184
2026-09-04T15:14:45.744000,sensor/Current frequency,0.0,431.0197
2026-09-04T15:14:45.807334,sensor/Current frequency,0.0,263.7776
2026-09-04T15:14:45.847972,sensor/Current frequency,0.0,660.3896
2026-09-04T15:14:45.913454,sensor/Current frequency,0.0,185.8559
2026-09-04T15:14:45.958415,sensor/Current frequency,0.0,137.202
2026-09-04T15:14:46.014606,sensor/Current frequency,0.0,125.8088
2026-09-04T15:14:46.061635,sensor/Current frequency,0.0,172.4304
2026-09-04T15:14:46.120377,sensor/Current frequency,0.0,288.7832
2026-09-04T15:14:46.168437,sensor/Current frequency,0.0,163.361
2026-09-04T15:14:46.227774,sensor/Current frequency,0.0,754.4694
2026-09-04T15:14:46.281757,sensor/Current frequency,0.0,194.4695
2026-09-04T15:14:46.326247,sensor/Current frequency,0.0,410.4399
2026-09-04T15:14:46.385255,sensor/Current frequency,0.0,194.5409
2026-09-04T15:14:46.437715,sensor/Current frequency,0.0,139.3549
2026-09-04T15:14:46.490378,sensor/Current frequency,0.0,161.6512
2026-09-04T15:14:46.578373,sensor/Current frequency,0.0,168.549
2026-09-04T15:14:46.591490,sensor/Current frequency,0.0,153.5736
2026-09-04T15:14:46.643996,sensor/Current frequency,0.0,220.4292
2026-09-04T15:14:46.695129,sensor/Current frequency,0.0,204.1551
2026-09-04T15:14:46.750190,sensor/Current frequency,0.0,500.3978
2026-09-04T15:14:46.803104,sensor/Current frequency,0.0,505.262
2026-09-04T15:14:46.855317,sensor/Current frequency,0.010612,436.0148
2026-09-04T15:14:46.918337,sensor/Current frequency,0.0138,160.0489
2026-09-04T15:14:46.965617,sensor/Current frequency,0.014749,403.7221
2026-09-04T15:14:47.015532,sensor/Current frequency,0.016279,387.3499
2026-09-04T15:14:47.070073,sensor/Current frequency,0.016981,173.8557
2026-09-04T15:14:47.124774,sensor/Current frequency,0.017882,395.0203
2026-09-04T15:14:47.177842,sensor/Current frequency,0.018327,449.3213
2026-09-04T15:14:47.226289,sensor/Current frequency,0.018534,209.3293
2026-09-04T15:14:47.282805,sensor/Current frequency,0.018995,155.8331
2026-09-04T15:14:47.343413,sensor/Current frequency,0.019242,136.6879
2026-09-04T15:14:47.410553,sensor/Current frequency,0.01999,727.9634
2026-09-04T15:14:47.451009,sensor/Current frequency,0.020061,149.9831
2026-09-04T15:14:47.495576,sensor/Current frequency,0.020243,249.6218
2026-09-04T15:14:47.550990,sensor/Current frequency,0.020791,479.5427
2026-09-04T15:14:47.600212,sensor/Current frequency,0.020858,207.536
2026-09-04T15:14:47.653290,sensor/Current frequency,0.021467,156.6505
2026-09-04T15:14:47.713687,sensor/Current frequency,0.021921,287.6865
2026-09-04T15:14:47.765305,sensor/Current frequency,0.022269,117.9825
2026-09-04T15:14:47.823519,sensor/Current frequency,0.022785,215.0063
2026-09-04T15:14:47.865261,sensor/Current frequency,0.022751,254.8768
2026-09-04T15:14:47.922872,sensor/Current frequency,0.023134,193.8813
2026-09-04T15:14:47.971032,sensor/Current frequency,0.023412,243.8297
2026-09-04T15:14:48.026645,sensor/Current frequency,0.023853,281.0383
2026-09-04T15:14:48.078629,sensor/Current frequency,0.02363,238.1958
2026-09-04T15:14:48.132320,sensor/Current frequency,0.023941,204.767
2026-09-04T15:14:48.183269,sensor/Current frequency,0.024203,228.2576
2026-09-04T15:14:48.238097,sensor/Current frequency,0.024479,218.7465
2026-09-04T15:14:48.291453,sensor/Current frequency,0.02474,259.8971
2026-09-04T15:14:48.343445,sensor/Current frequency,0.024801,228.8704
2026-09-04T15:14:48.404074,sensor/Current frequency,0.0,231.1124
2026-09-04T15:14:48.454442,sensor/Current frequency,0.0,243.2414
2026-09-04T15:14:48.506763,sensor/Current frequency,0.0,75.38775
2026-09-04T15:14:48.573150,sensor/Current frequency,0.0,1160.304
2026-09-04T15:14:48.610960,sensor/Current frequency,0.0,102.0253
2026-09-04T15:14:48.673750,sensor/Current frequency,0.0,192.3383
2026-09-04T15:14:48.720931,sensor/Current frequency,0.0,82.80383
2026-09-04T15:14:48.779163,sensor/Current frequency,0.0,181.3184
2026-09-04T15:14:48.826628,sensor/Current frequency,0.0,217.9523
2026-09-04T15:14:48.883770,sensor/Current frequency,0.0,199.6269
2026-09-04T15:14:48.930069,sensor/Current frequency,0.0,124.5425
2026-09-04T15:14:48.984007,sensor/Current frequency,0.0,131.7788
2026-09-04T15:14:49.043879,sensor/Current frequency,0.0,159.1792
2026-09-04T15:14:49.090060,sensor/Current frequency,0.0,131.8957
2026-09-04T15:14:49.152352,sensor/Current frequency,0.0,273.2077
2026-09-04T15:14:49.197854,sensor/Current frequency,0.0,176.7444
2026-09-04T15:14:49.253159,sensor/Current frequency,0.0,165.033
2026-09-04T15:14:49.301658,sensor/Current frequency,0.0,137.7579
2026-09-04T15:14:49.356335,sensor/Current frequency,0.0,92.46489
2026-09-04T15:14:49.410667,sensor/Current frequency,0.0,142.6309
2026-09-04T15:14:49.464157,sensor/Current frequency,0.0,270.991
2026-09-04T15:14:49.514756,sensor/Current frequency,0.0,164.2704
2026-09-04T15:14:49.568605,sensor/Current frequency,0.0,147.831
2026-09-04T15:14:49.621682,sensor/Current frequency,0.0,336.6725
2026-09-04T15:14:49.674762,sensor/Current frequency,0.0,240.4359
2026-09-04T15:14:49.732476,sensor/Current frequency,0.0,266.161
2026-09-04T15:14:49.779033,sensor/Current frequency,0.0,98.07644
2026-09-04T15:14:49.835140,sensor/Current frequency,0.0,723.3747
2026-09-04T15:14:49.884262,sensor/Current frequency,0.0,279.8771
2026-09-04T15:14:49.940009,sensor/Current frequency,0.0,205.6219
2026-09-04T15:14:49.991835,sensor/Current frequency,0.0,190.4153
2026-09-04T15:14:50.044293,sensor/Current frequency,0.0,179.5703
2026-09-04T15:14:50.107095,sensor/Current frequency,0.0,220.4943
2026-09-04T15:14:50.152840,sensor/Current frequency,0.0,188.1479
2026-09-04T15:14:50.214038,sensor/Current frequency,0.0,189.695
2026-09-04T15:14:50.259293,sensor/Current frequency,0.0,202.8922
2026-09-04T15:14:50.319532,sensor/Current frequency,0.0,61.42687
2026-09-04T15:14:50.362149,sensor/Current frequency,0.0,90.36013
2026-09-04T15:14:50.415937,sensor/Current frequency,0.0,74.13367
2026-09-04T15:14:50.478452,sensor/Current frequency,0.0,218.7573
2026-09-04T15:14:50.523651,sensor/Current frequency,0.0,199.9095
2026-09-04T15:14:50.583411,sensor/Current frequency,0.0,98.84633
2026-09-04T15:14:50.628536,sensor/Current frequency,0.0,518.5863
2026-09-04T15:14:50.688462,sensor/Current frequency,0.0,200.7156
2026-09-04T15:14:50.740159,sensor/Current frequency,0.0,184.9753
2026-09-04T15:14:50.795019,sensor/Current frequency,0.0,216.6923
2026-09-04T15:14:50.843219,sensor/Current frequency,0.0,302.7652
2026-09-04T15:14:50.895906,sensor/Current frequency,0.0,356.9911
2026-09-04T15:14:50.963827,sensor/Current frequency,0.0,358.5141
2026-09-04T15:14:50.999402,sensor/Current frequency,0.0,94.56544
2026-09-04T15:14:51.051282,sensor/Current frequency,0.0,430.2335
2026-09-04T15:14:51.107668,sensor/Current frequency,0.0,360.705
2026-09-04T15:14:51.160227,sensor/Current frequency,0.0,400.4583
2026-09-04T15:14:51.225413,sensor/Current frequency,0.0,438.9955
2026-09-04T15:14:51.266211,sensor/Current frequency,0.0,371.6429
2026-09-04T15:14:51.322313,sensor/Current frequency,0.0,467.8945
2026-09-04T15:14:51.373543,sensor/Current frequency,0.0,405.6358
2026-09-04T15:14:51.425960,sensor/Current frequency,0.0,702.229
2026-09-04T15:14:51.476789,sensor/Current frequency,0.0,517.3849
2026-09-04T15:14:51.539550,sensor/Current frequency,0.0,231.6134
2026-09-04T15:14:51.586492,sensor/Current frequency,0.0,180.6582
2026-09-04T15:14:51.643967,sensor/Current frequency,0.0,155.4261
2026-09-04T15:14:51.689318,sensor/Current frequency,0.0,354.9462
2026-09-04T15:14:51.746892,sensor/Current frequency,0.0,206.9385
2026-09-04T15:14:51.811693,sensor/Current frequency,0.006299,871.255
2026-09-04T15:14:51.849903,sensor/Current frequency,0.0,1319.674
2026-09-04T15:14:51.909629,sensor/Current frequency,0.0,232.3874
2026-09-04T15:14:51.954953,sensor/Current frequency,0.0,228.3112
2026-09-04T15:14:52.016609,sensor/Current frequency,0.0,460.084
2026-09-04T15:14:52.063583,sensor/Current frequency,0.0,506.9483
2026-09-04T15:14:52.121481,sensor/Current frequency,0.0,178.1609
2026-09-04T15:14:52.191838,sensor/Current frequency,0.0,144.41
2026-09-04T15:14:52.238996,sensor/Current frequency,0.0,189.7349
2026-09-04T15:14:52.273962,sensor/Current frequency,0.0,210.9768
2026-09-04T15:14:52.326045,sensor/Current frequency,0.0,222.8349
2026-09-04T15:14:52.381845,sensor/Current frequency,0.0,173.0811
2026-09-04T15:14:52.434744,sensor/Current frequency,0.005241,160.1017
2026-09-04T15:14:52.489831,sensor/Current frequency,0.012194,97.48195
2026-09-04T15:14:52.544011,sensor/Current frequency,0.017796,347.8491
2026-09-04T15:14:52.630141,sensor/Current frequency,0.018287,271.4484
2026-09-04T15:14:52.644091,sensor/Current frequency,0.022817,859.5549
2026-09-04T15:14:52.873471,sensor/Current frequency,0.023246,242.9019
2026-09-04T15:14:52.873706,sensor/Current frequency,0.023516,714.5709
2026-09-04T15:14:52.873856,sensor/Current frequency,0.023515,473.8771
2026-09-04T15:14:52.873981,sensor/Current frequency,0.023436,122.0051
2026-09-04T15:14:52.938338,sensor/Current frequency,0.0,570.0667
2026-09-04T15:14:52.991031,sensor/Current frequency,0.0,246.3876
2026-09-04T15:14:53.043013,sensor/Current frequency,0.0,215.1111
2026-09-04T15:14:53.099380,sensor/Current frequency,0.0,231.8996
2026-09-04T15:14:53.158188,sensor/Current frequency,0.0,308.6326
2026-09-04T15:14:53.203187,sensor/Current frequency,0.0,360.0114
2026-09-04T15:14:53.258133,sensor/Current frequency,0.0,1714.067
2026-09-04T15:14:53.316594,sensor/Current frequency,0.0,215.9092
2026-09-04T15:14:53.362298,sensor/Current frequency,0.0,212.3748
2026-09-04T15:14:53.427205,sensor/Current frequency,0.0,174.955
2026-09-04T15:14:53.472209,sensor/Current frequency,0.0,318.1186
2026-09-04T15:14:53.524840,sensor/Current frequency,0.0,190.8724
2026-09-04T15:14:53.583674,sensor/Current frequency,0.0,55.86597
2026-09-04T15:14:53.629233,sensor/Current frequency,0.0,220.7652
2026-09-04T15:14:53.692396,sensor/Current frequency,0.008441,437.7451
2026-09-04T15:14:53.736940,sensor/Current frequency,0.010063,403.7514
2026-09-04T15:14:53.795352,sensor/Current frequency,0.011666,175.4144
2026-09-04T15:14:53.853520,sensor/Current frequency,0.0,459.6291
2026-09-04T15:14:53.897760,sensor/Current frequency,0.0,142.8518
2026-09-04T15:14:53.956018,sensor/Current frequency,0.0,243.8361
2026-09-04T15:14:54.000909,sensor/Current frequency,0.0,439.9565
2026-09-04T15:14:54.060612,sensor/Current frequency,0.0,193.4016
2026-09-04T15:14:54.107244,sensor/Current frequency,0.0,96.14819
2026-09-04T15:14:54.165000,sensor/Current frequency,0.0,94.00986
2026-09-04T15:14:54.213093,sensor/Current frequency,0.0,249.0236
2026-09-04T15:14:54.270337,sensor/Current frequency,0.0,145.4425
2026-09-04T15:14:54.322506,sensor/Current frequency,0.0,226.1938
2026-09-04T15:14:54.374509,sensor/Current frequency,0.0,406.6946
2026-09-04T15:14:54.427850,sensor/Current frequency,0.0,115.4612
2026-09-04T15:14:54.481305,sensor/Current frequency,0.0,182.7286
2026-09-04T15:14:54.531455,sensor/Current frequency,0.0,74.33459
2026-09-04T15:14:54.585004,sensor/Current frequency,0.0,180.6585
2026-09-04T15:14:54.642227,sensor/Current frequency,0.0,211.1171
2026-09-04T15:14:54.691513,sensor/Current frequency,0.0,238.2658
2026-09-04T15:14:54.750209,sensor/Current frequency,0.0,206.0769
2026-09-04T15:14:54.796830,sensor/Current frequency,0.0,220.0448
2026-09-04T15:14:54.855354,sensor/Current frequency,0.0,425.7658
2026-09-04T15:14:54.905910,sensor/Current frequency,0.0,277.3499
2026-09-04T15:14:54.959253,sensor/Current frequency,0.0,392.5952
2026-09-04T15:14:55.017205,sensor/Current frequency,0.0,159.1513
2026-09-04T15:14:55.069329,sensor/Current frequency,0.0,203.8511
2026-09-04T15:14:55.124843,sensor/Current frequency,0.0,88.99627
2026-09-04T15:14:55.171357,sensor/Current frequency,0.0,82.31774
2026-09-04T15:14:55.227293,sensor/Current frequency,0.0,594.8671
2026-09-04T15:14:55.275452,sensor/Current frequency,0.0,1431.424
2026-09-04T15:14:55.330719,sensor/Current frequency,0.0,150.695
2026-09-04T15:14:55.390795,sensor/Current frequency,0.0,256.9357
2026-09-04T15:14:55.434231,sensor/Current frequency,0.0,210.5206
2026-09-04T15:14:55.500868,sensor/Current frequency,0.0,151.2426
2026-09-04T15:14:55.541420,sensor/Current frequency,0.0,103.8831
2026-09-04T15:14:55.598016,sensor/Current frequency,0.0,416.2842
2026-09-04T15:14:55.649267,sensor/Current frequency,0.0,1372.227
2026-09-04T15:14:55.700247,sensor/Current frequency,0.0,651.1475
2026-09-04T15:14:55.752969,sensor/Current frequency,0.0,211.6426
2026-09-04T15:14:55.808216,sensor/Current frequency,0.0,325.3654
2026-09-04T15:14:55.860190,sensor/Current frequency,0.0,347.3982
2026-09-04T15:14:55.915281,sensor/Current frequency,0.0,201.3773
2026-09-04T15:14:55.970942,sensor/Current frequency,0.0,196.9435
2026-09-04T15:14:56.022779,sensor/Current frequency,0.0,207.6897
2026-09-04T15:14:56.081383,sensor/Current frequency,0.0,181.555
2026-09-04T15:14:56.127678,sensor/Current frequency,0.0,179.3122
2026-09-04T15:14:56.185014,sensor/Current frequency,0.0,319.4684
2026-09-04T15:14:56.233229,sensor/Current frequency,0.0,194.9508
2026-09-04T15:14:56.287663,sensor/Current frequency,0.0,158.3295
2026-09-04T15:14:56.346546,sensor/Current frequency,0.0,279.3187
2026-09-04T15:14:56.390986,sensor/Current frequency,0.006988,119.0522
